NombreBeca,Institucion,Carrera,Lugar,CategoriaDeBecas,Anio_Convocatoria,Genero,EstratoSocioeconomico,BecasSegunMigracion
Beca Inclusión Técnico-Productiva,Universidad Nacional Agraria La Molina,Comunicaciones,Lima,Especiales,2024,Femenino,Pobre Extremo,No Migró
Beca Generación del Bicentenario,Universidad Nacional Jorge Basadre Grohmann,Contabilidad,Lima,Posgrado Maestria,2024,Masculino,Pobre,No Migró
Beca Inclusión Técnico-Productiva,Universidad Nacional Jorge Basadre Grohmann,Ingeniería Mecánica,Lima,Especiales,2024,Femenino,Pobre Extremo,Migró
Beca 18,Universidad Científica del Sur S.A.C.,Nutrición,Lima,Pregrado,2024,Femenino,Pobre,No Migró
Beca Generación del Bicentenario,Universidad Científica del Sur S.A.C.,Medicina Humana,Lima,Posgrado Maestria,2024,Femenino,Pobre,No Migró
Beca Generación del Bicentenario,Universidad Nacional Agraria La Molina,Turismo y Hotelería,Lima,Posgrado Maestria,2024,Femenino,Pobre,No Migró
Beca 18,Universidad del Pacífico,Trabajo Social,Lima,Pregrado,2024,Masculino,Pobre,No Migró
Beca 18,Universidad Privada del Norte S.A.C.,Comunicaciones,Lima,Pregrado,2024,Femenino,Pobre,No Migró
Beca 18,Universidad San Ignacio de Loyola S.R.L.,Medicina Humana,Lima,Pregrado,2024,Femenino,No pobre,No Migró
Beca Generación del Bicentenario,Universidad Científica del Sur S.A.C.,Nutrición,Lima,Posgrado Maestria,2024,Masculino,Pobre Extremo,No Migró
Beca Generación del Bicentenario,Universidad Peruana de Ciencias Aplicadas S.A.C.,Contabilidad,Lima,Posgrado Maestria,2024,Masculino,Pobre,Migró
Beca Inclusión Técnico-Productiva,Universidad del Pacífico,Administración de Negocios Internacionales,Lima,Especiales,2024,Masculino,Pobre,No Migró
Beca 18,Universidad del Pacífico,Ingeniería Mecánica,Australia,Posgrado Doctorado,2024,Masculino,Pobre Extremo,Migró
Beca 18,Universidad San Ignacio de Loyola S.R.L.,Nutrición,Lima,Pregrado,2024,Femenino,Pobre Extremo,No Migró
Beca Inclusión Técnico-Productiva,Universidad Nacional de Piura,Educación,Lima,Especiales,2024,Femenino,Pobre Extremo,No Migró
Beca Inclusión Técnico-Productiva,Universidad Peruana Cayetano Heredia,Economía,Lima,Especiales,2024,Masculino,Pobre Extremo,Migró
Beca 18,Universidad Nacional de Piura,Educación,Lima,Pregrado,2024,Femenino,Pobre,Migró
Beca Generación del Bicentenario,Universidad Privada del Norte S.A.C.,Ingeniería Civil,Canadá,Posgrado Maestria,2024,Femenino,Pobre Extremo,Migró
Beca Vocación,Universidad Nacional de Trujillo,Educación,Lima,Posgrado Maestria,2024,Femenino,Pobre,No Migró
Beca Generación del Bicentenario,Universidad Nacional San Antonio Abad del Cusco,Economía,Lima,Posgrado Maestria,2024,Femenino,Pobre,Migró
Beca Inclusión Técnico-Productiva,Universidad Nacional San Cristóbal de Huamanga,Educación,Lima,Especiales,2024,Masculino,No pobre,Migró
Beca 18,Universidad Nacional Jorge Basadre Grohmann,Ingeniería Electrónica,Francia,Posgrado Doctorado,2024,Masculino,Pobre Extremo,Migró
Beca Generación del Bicentenario,Universidad Nacional de Ucayali,Arquitectura,Lima,Posgrado Maestria,2024,Femenino,Pobre Extremo,Migró
Beca 18,Universidad Nacional Hermilio Valdizán,Ingeniería Electrónica,Lima,Pregrado,2024,Masculino,Pobre Extremo,Migró
Beca Inclusión Técnico-Productiva,Universidad Nacional de Ingeniería,Enfermería,Lima,Especiales,2024,Masculino,Pobre Extremo,No Migró
Beca Vocación,Universidad Científica del Sur S.A.C.,Enfermería,México,Posgrado Maestria,2024,Masculino,Pobre Extremo,Migró
Beca 18,Universidad Nacional del Altiplano,Ingeniería Mecánica,Lima,Pregrado,2024,Femenino,No pobre,No Migró
Beca 18,Universidad Nacional de la Amazonía Peruana,Ingeniería Civil,Lima,Pregrado,2024,Femenino,Pobre,No Migró
Beca 18,Universidad Nacional del Altiplano,Psicología,Lima,Pregrado,2024,Masculino,Pobre,Migró
Beca Inclusión Técnico-Productiva,Universidad Científica del Sur S.A.C.,Enfermería,Lima,Especiales,2024,Femenino,Pobre,No Migró
Beca Permanencia,Universidad Nacional Agraria La Molina,Nutrición,Lima,Pregrado,2024,Femenino,Pobre,No Migró
Beca Permanencia,Universidad Nacional Agraria La Molina,Nutrición,Lima,Especiales,2024,Femenino,Pobre,Migró
Beca 18,Universidad Nacional San Agustín de Arequipa,Ingeniería Civil,Lima,Pregrado,2024,Femenino,Pobre,Migró
Beca 18,Universidad Nacional del Altiplano,Medicina Humana,Lima,Pregrado,2024,Masculino,Pobre Extremo,No Migró
Beca 18,Universidad Nacional de Cajamarca,Turismo y Hotelería,Lima,Pregrado,2024,Masculino,Pobre Extremo,No Migró
Beca Generación del Bicentenario,Universidad Nacional de Piura,Turismo y Hotelería,Lima,Posgrado Maestria,2024,Masculino,Pobre Extremo,Migró
Beca 18,Universidad Nacional San Antonio Abad del Cusco,Marketing,Lima,Pregrado,2024,Femenino,Pobre Extremo,No Migró
Beca Inclusión Técnico-Productiva,Universidad Peruana de Ciencias Aplicadas S.A.C.,Arquitectura,Lima,Especiales,2024,Femenino,Pobre Extremo,No Migró
Beca 18,Universidad Nacional de Piura,Marketing,Lima,Pregrado,2024,Femenino,Pobre Extremo,Migró
Beca Inclusión Técnico-Productiva,Universidad Nacional San Antonio Abad del Cusco,Medicina Humana,Lima,Especiales,2024,Femenino,Pobre,No Migró
Beca 18,Universidad Peruana de Ciencias Aplicadas S.A.C.,Administración de Empresas,Lima,Pregrado,2024,Femenino,Pobre,No Migró
Beca Vocación,Universidad Nacional Daniel Alcides Carrión,Economía,Lima,Pregrado,2024,Masculino,Pobre Extremo,No Migró
Beca 18,Universidad San Ignacio de Loyola S.R.L.,Administración de Negocios Internacionales,Lima,Pregrado,2024,Masculino,Pobre,Migró
Beca Generación del Bicentenario,Universidad Peruana de Ciencias Aplicadas S.A.C.,Comunicaciones,Lima,Posgrado Maestria,2024,Masculino,Pobre,No Migró
Beca 18,Universidad Nacional Jorge Basadre Grohmann,Medicina Humana,Lima,Posgrado Maestria,2024,Masculino,Pobre Extremo,No Migró
Beca Generación del Bicentenario,Universidad Nacional Mayor de San Marcos,Trabajo Social,Brasil,Posgrado Maestria,2024,Femenino,Pobre,Migró
Beca Inclusión Técnico-Productiva,Universidad Nacional de la Amazonía Peruana,Ingeniería Civil,Lima,Especiales,2024,Masculino,Pobre,No Migró
Beca 18,Universidad Nacional del Callao,Enfermería,Lima,Especiales,2024,Masculino,No pobre,No Migró
Beca 18,Universidad Peruana Cayetano Heredia,Marketing,España,Posgrado Maestria,2024,Masculino,Pobre,Migró
Beca 18,Universidad Peruana de Ciencias Aplicadas S.A.C.,Marketing,Lima,Especiales,2024,Masculino,Pobre Extremo,No Migró
Beca Permanencia,Universidad Científica del Sur S.A.C.,Ingeniería Electrónica,España,Posgrado Maestria,2024,Femenino,Pobre,Migró
Beca Inclusión Técnico-Productiva,Universidad Nacional Agraria La Molina,Contabilidad,Lima,Especiales,2024,Femenino,Pobre Extremo,No Migró
Beca 18,Universidad Nacional Federico Villarreal,Economía,Lima,Pregrado,2024,Femenino,Pobre,No Migró
Beca 18,Universidad Nacional Agraria La Molina,Turismo y Hotelería,Reino Unido,Posgrado Maestria,2024,Masculino,Pobre Extremo,Migró
Beca 18,Universidad Nacional de Cajamarca,Enfermería,Lima,Pregrado,2024,Femenino,Pobre Extremo,No Migró
Beca Permanencia,Universidad Nacional Jorge Basadre Grohmann,Ingeniería Electrónica,Lima,Pregrado,2024,Femenino,Pobre Extremo,No Migró
Beca Inclusión Técnico-Productiva,Universidad Nacional Jorge Basadre Grohmann,Educación,Lima,Especiales,2024,Masculino,Pobre,No Migró
Beca Generación del Bicentenario,Universidad Nacional Federico Villarreal,Derecho,Lima,Posgrado Maestria,2024,Masculino,Pobre Extremo,No Migró
Beca Inclusión Técnico-Productiva,Universidad del Pacífico,Ingeniería Electrónica,Lima,Especiales,2024,Masculino,Pobre,No Migró
Beca Vocación,Universidad Peruana de Ciencias Aplicadas S.A.C.,Marketing,Australia,Posgrado Maestria,2024,Masculino,Pobre,Migró
Beca Inclusión Técnico-Productiva,Universidad Nacional de Ucayali,Comunicaciones,Lima,Especiales,2024,Femenino,Pobre,No Migró
Beca Vocación,Universidad Nacional de Cajamarca,Turismo y Hotelería,Lima,Especiales,2024,Masculino,Pobre,No Migró
Beca 18,Universidad Nacional Jorge Basadre Grohmann,Medicina Humana,Lima,Pregrado,2024,Masculino,Pobre Extremo,No Migró
Beca Generación del Bicentenario,Universidad Nacional Agraria La Molina,Administración de Negocios Internacionales,Lima,Posgrado Maestria,2024,Femenino,Pobre Extremo,No Migró
Beca 18,Universidad Peruana de Ciencias Aplicadas S.A.C.,Administración de Empresas,Lima,Pregrado,2024,Femenino,Pobre Extremo,No Migró
Beca Generación del Bicentenario,Universidad Nacional Jorge Basadre Grohmann,Derecho,Lima,Posgrado Maestria,2024,Masculino,Pobre Extremo,No Migró
Beca Vocación,Universidad Nacional Hermilio Valdizán,Ingeniería de Sistemas,Lima,Posgrado Maestria,2024,Masculino,Pobre,No Migró
Beca 18,Universidad Nacional de Cajamarca,Trabajo Social,Lima,Pregrado,2024,Femenino,Pobre,No Migró
Beca Generación del Bicentenario,Universidad Nacional de la Amazonía Peruana,Educación,Lima,Posgrado Maestria,2024,Masculino,Pobre,No Migró
Beca Vocación,Universidad Nacional del Altiplano,Ingeniería Civil,Lima,Posgrado Doctorado,2024,Masculino,Pobre Extremo,Migró
Beca 18,Universidad Nacional Federico Villarreal,Ingeniería de Sistemas,Lima,Pregrado,2024,Masculino,Pobre,No Migró
Beca Generación del Bicentenario,Universidad Nacional San Cristóbal de Huamanga,Trabajo Social,Lima,Posgrado Maestria,2024,Femenino,Pobre,No Migró
Beca Permanencia,Universidad Nacional Mayor de San Marcos,Administración de Empresas,Lima,Especiales,2024,Femenino,Pobre Extremo,No Migró
Beca 18,Universidad Privada del Norte S.A.C.,Administración de Negocios Internacionales,Lima,Pregrado,2024,Femenino,Pobre Extremo,No Migró
Beca Inclusión Técnico-Productiva,Universidad Nacional San Agustín de Arequipa,Nutrición,Lima,Especiales,2024,Femenino,Pobre,No Migró
Beca Generación del Bicentenario,Universidad Nacional San Cristóbal de Huamanga,Contabilidad,Lima,Posgrado Maestria,2024,Femenino,Pobre Extremo,Migró
Beca Vocación,Pontificia Universidad Católica del Perú,Administración de Empresas,Lima,Especiales,2024,Masculino,No pobre,No Migró
Beca Inclusión Técnico-Productiva,Universidad Nacional de Piura,Administración de Negocios Internacionales,Lima,Especiales,2024,Masculino,Pobre Extremo,No Migró
Beca 18,Universidad Privada del Norte S.A.C.,Economía,Lima,Posgrado Doctorado,2024,Femenino,Pobre Extremo,No Migró
Beca Generación del Bicentenario,Universidad Nacional San Agustín de Arequipa,Arquitectura,Lima,Posgrado Maestria,2024,Femenino,Pobre Extremo,No Migró
Beca Inclusión Técnico-Productiva,Universidad Nacional Hermilio Valdizán,Ingeniería Industrial,Lima,Especiales,2024,Femenino,Pobre Extremo,Migró
Beca 18,Universidad Nacional de Trujillo,Marketing,Lima,Pregrado,2024,Masculino,Pobre,Migró
Beca 18,Universidad Peruana de Ciencias Aplicadas S.A.C.,Administración de Empresas,Lima,Pregrado,2024,Femenino,No pobre,No Migró
Beca Generación del Bicentenario,Universidad Nacional de Cajamarca,Medicina Humana,Lima,Posgrado Maestria,2024,Masculino,Pobre,No Migró
Beca Generación del Bicentenario,Universidad Nacional Hermilio Valdizán,Medicina Humana,Reino Unido,Posgrado Maestria,2024,Masculino,Pobre Extremo,Migró
Beca Vocación,Universidad Nacional San Agustín de Arequipa,Psicología,Lima,Posgrado Maestria,2024,Masculino,Pobre Extremo,Migró
Beca 18,Universidad Nacional San Agustín de Arequipa,Educación,Lima,Pregrado,2024,Masculino,Pobre,No Migró
Beca 18,Universidad Peruana de Ciencias Aplicadas S.A.C.,Marketing,Lima,Pregrado,2024,Femenino,Pobre,Migró
Beca Inclusión Técnico-Productiva,Universidad Nacional San Agustín de Arequipa,Ingeniería Industrial,Lima,Especiales,2024,Femenino,Pobre Extremo,No Migró
Beca Generación del Bicentenario,Universidad San Ignacio de Loyola S.R.L.,Turismo y Hotelería,Lima,Posgrado Maestria,2024,Masculino,Pobre Extremo,No Migró
Beca 18,Universidad Nacional Hermilio Valdizán,Contabilidad,Lima,Pregrado,2024,Masculino,Pobre Extremo,No Migró
Beca 18,Universidad Nacional de la Amazonía Peruana,Turismo y Hotelería,Lima,Posgrado Doctorado,2024,Femenino,No pobre,No Migró
Beca Inclusión Técnico-Productiva,Universidad Nacional Federico Villarreal,Administración de Empresas,Lima,Especiales,2024,Masculino,No pobre,No Migró
Beca Vocación,Universidad Nacional de Piura,Nutrición,Lima,Posgrado Maestria,2024,Femenino,Pobre,No Migró
Beca 18,Universidad Nacional de Ucayali,Derecho,Lima,Pregrado,2024,Femenino,Pobre,No Migró
Beca Vocación,Universidad Nacional San Antonio Abad del Cusco,Turismo y Hotelería,Lima,Posgrado Doctorado,2024,Masculino,Pobre,No Migró
Beca Inclusión Técnico-Productiva,Universidad Nacional del Callao,Arquitectura,Lima,Especiales,2024,Masculino,Pobre,No Migró
Beca 18,Universidad Nacional del Callao,Ingeniería Industrial,Lima,Pregrado,2024,Femenino,Pobre,Migró
Beca 18,Universidad Nacional San Agustín de Arequipa,Administración de Negocios Internacionales,Lima,Pregrado,2024,Masculino,Pobre,Migró
Beca 18,Universidad Nacional Agraria La Molina,Ingeniería Electrónica,Lima,Pregrado,2024,Masculino,Pobre,No Migró
Beca 18,Universidad Nacional Federico Villarreal,Ingeniería Industrial,Lima,Pregrado,2024,Femenino,No pobre,Migró
Beca 18,Universidad Nacional de Cajamarca,Medicina Humana,Lima,Pregrado,2024,Femenino,No pobre,No Migró
Beca 18,Universidad Científica del Sur S.A.C.,Medicina Humana,Lima,Pregrado,2024,Masculino,Pobre,Migró
Beca 18,Universidad Científica del Sur S.A.C.,Arquitectura,Lima,Pregrado,2024,Masculino,No pobre,No Migró
Beca Permanencia,Universidad Nacional San Cristóbal de Huamanga,Nutrición,Chile,Posgrado Maestria,2024,Femenino,Pobre Extremo,Migró
Beca Inclusión Técnico-Productiva,Universidad Nacional de Ucayali,Trabajo Social,Lima,Especiales,2024,Masculino,Pobre,No Migró
Beca Generación del Bicentenario,Universidad Peruana Cayetano Heredia,Administración de Empresas,Francia,Posgrado Maestria,2024,Masculino,Pobre,Migró
Beca Generación del Bicentenario,Universidad Nacional Federico Villarreal,Ingeniería Electrónica,Lima,Posgrado Maestria,2024,Masculino,No pobre,Migró
Beca Inclusión Técnico-Productiva,Universidad Nacional de la Amazonía Peruana,Trabajo Social,Lima,Especiales,2024,Femenino,Pobre Extremo,Migró
Beca Vocación,Universidad Nacional de la Amazonía Peruana,Derecho,Lima,Posgrado Maestria,2024,Masculino,Pobre,No Migró
Beca Inclusión Técnico-Productiva,Universidad Nacional del Callao,Contabilidad,Lima,Especiales,2024,Femenino,Pobre,No Migró
Beca Generación del Bicentenario,Universidad Nacional Daniel Alcides Carrión,Ingeniería Electrónica,Lima,Posgrado Maestria,2024,Masculino,Pobre Extremo,No Migró
Beca Inclusión Técnico-Productiva,Universidad Nacional Hermilio Valdizán,Ingeniería Mecánica,Lima,Especiales,2024,Masculino,Pobre,No Migró
Beca 18,Universidad San Ignacio de Loyola S.R.L.,Ingeniería de Sistemas,Lima,Pregrado,2024,Femenino,Pobre,No Migró
Beca 18,Universidad San Ignacio de Loyola S.R.L.,Arquitectura,Lima,Pregrado,2024,Femenino,Pobre Extremo,No Migró
Beca 18,Universidad Peruana de Ciencias Aplicadas S.A.C.,Marketing,Lima,Posgrado Doctorado,2024,Masculino,No pobre,No Migró
Beca Inclusión Técnico-Productiva,Universidad Nacional de la Amazonía Peruana,Contabilidad,Lima,Especiales,2024,Femenino,Pobre Extremo,No Migró
Beca Inclusión Técnico-Productiva,Universidad Nacional de Trujillo,Contabilidad,Lima,Especiales,2024,Femenino,Pobre,No Migró
Beca Permanencia,Universidad Nacional del Callao,Educación,Lima,Pregrado,2024,Masculino,Pobre,Migró
Beca Generación del Bicentenario,Universidad Peruana de Ciencias Aplicadas S.A.C.,Economía,Lima,Posgrado Maestria,2024,Masculino,Pobre,No Migró
Beca Generación del Bicentenario,Universidad San Ignacio de Loyola S.R.L.,Administración de Negocios Internacionales,Lima,Posgrado Maestria,2024,Masculino,Pobre,No Migró
Beca 18,Universidad Nacional de Trujillo,Ingeniería Civil,Lima,Pregrado,2024,Femenino,Pobre,No Migró
Beca 18,Universidad Nacional de Cajamarca,Psicología,Lima,Pregrado,2024,Masculino,Pobre,No Migró
Beca 18,Universidad Nacional Jorge Basadre Grohmann,Ingeniería de Sistemas,Lima,Pregrado,2024,Femenino,No pobre,Migró
Beca Inclusión Técnico-Productiva,Universidad Nacional Agraria La Molina,Ingeniería Civil,Lima,Especiales,2024,Femenino,No pobre,No Migró
Beca Inclusión Técnico-Productiva,Universidad Nacional de Cajamarca,Marketing,Lima,Especiales,2024,Femenino,Pobre,Migró
Beca Generación del Bicentenario,Universidad Privada del Norte S.A.C.,Educación,Lima,Posgrado Maestria,2024,Masculino,Pobre Extremo,No Migró
Beca Permanencia,Universidad Nacional de la Amazonía Peruana,Economía,Lima,Especiales,2024,Femenino,Pobre,No Migró
Beca Inclusión Técnico-Productiva,Pontificia Universidad Católica del Perú,Turismo y Hotelería,Lima,Especiales,2024,Femenino,Pobre Extremo,Migró
Beca 18,Universidad Nacional de Cajamarca,Ingeniería Electrónica,Lima,Especiales,2024,Masculino,Pobre,No Migró
Beca Permanencia,Universidad Nacional del Callao,Marketing,Lima,Especiales,2024,Masculino,Pobre Extremo,No Migró
Beca 18,Universidad Nacional San Cristóbal de Huamanga,Medicina Humana,Lima,Pregrado,2024,Masculino,Pobre,No Migró
Beca 18,Universidad Nacional San Antonio Abad del Cusco,Administración de Empresas,Lima,Pregrado,2024,Masculino,Pobre Extremo,No Migró
Beca 18,Universidad Científica del Sur S.A.C.,Arquitectura,Lima,Pregrado,2024,Masculino,Pobre,No Migró
Beca Vocación,Universidad Peruana de Ciencias Aplicadas S.A.C.,Ingeniería Mecánica,Lima,Especiales,2024,Femenino,Pobre Extremo,No Migró
Beca Generación del Bicentenario,Universidad San Ignacio de Loyola S.R.L.,Enfermería,Lima,Posgrado Maestria,2024,Femenino,Pobre,No Migró
Beca Generación del Bicentenario,Universidad Nacional San Agustín de Arequipa,Ingeniería Mecánica,Lima,Posgrado Maestria,2024,Femenino,Pobre,No Migró
Beca 18,Universidad Privada del Norte S.A.C.,Economía,Lima,Pregrado,2024,Femenino,Pobre Extremo,No Migró
Beca Inclusión Técnico-Productiva,Universidad San Ignacio de Loyola S.R.L.,Administración de Empresas,Lima,Especiales,2024,Masculino,Pobre,No Migró
Beca 18,Universidad Peruana Cayetano Heredia,Administración de Negocios Internacionales,Lima,Pregrado,2024,Femenino,Pobre,No Migró
Beca Inclusión Técnico-Productiva,Universidad Nacional Mayor de San Marcos,Educación,Lima,Especiales,2024,Femenino,Pobre,No Migró
Beca Inclusión Técnico-Productiva,Universidad Peruana de Ciencias Aplicadas S.A.C.,Ingeniería Electrónica,Lima,Especiales,2024,Masculino,No pobre,No Migró
Beca 18,Universidad Nacional Hermilio Valdizán,Psicología,Lima,Pregrado,2024,Femenino,Pobre Extremo,No Migró
Beca Generación del Bicentenario,Universidad Nacional de Ucayali,Administración de Negocios Internacionales,Lima,Posgrado Maestria,2024,Femenino,Pobre Extremo,Migró
Beca Generación del Bicentenario,Universidad Nacional Jorge Basadre Grohmann,Medicina Humana,Lima,Posgrado Maestria,2024,Masculino,Pobre,Migró
Beca Generación del Bicentenario,Universidad Nacional Mayor de San Marcos,Ingeniería Mecánica,México,Posgrado Maestria,2024,Femenino,No pobre,Migró
Beca 18,Universidad Nacional de Cajamarca,Educación,Lima,Pregrado,2024,Femenino,Pobre Extremo,No Migró
Beca Generación del Bicentenario,Universidad Nacional de la Amazonía Peruana,Medicina Humana,Lima,Posgrado Maestria,2024,Femenino,Pobre Extremo,No Migró
Beca Generación del Bicentenario,Universidad Nacional Agraria La Molina,Marketing,Chile,Posgrado Maestria,2024,Femenino,Pobre Extremo,Migró
Beca 18,Universidad Nacional Jorge Basadre Grohmann,Nutrición,Lima,Pregrado,2024,Masculino,Pobre Extremo,Migró
Beca Vocación,Universidad Peruana de Ciencias Aplicadas S.A.C.,Contabilidad,Lima,Posgrado Maestria,2024,Femenino,Pobre Extremo,No Migró
Beca 18,Universidad Privada del Norte S.A.C.,Comunicaciones,Ica,Pregrado,2024,Femenino,Pobre Extremo,Migró
Beca Generación del Bicentenario,Universidad Nacional San Antonio Abad del Cusco,Nutrición,Argentina,Posgrado Maestria,2024,Femenino,No pobre,Migró
Beca Generación del Bicentenario,Universidad Peruana Cayetano Heredia,Psicología,Alemania,Posgrado Maestria,2024,Masculino,No pobre,Migró
Beca Generación del Bicentenario,Universidad Nacional San Cristóbal de Huamanga,Medicina Humana,Ica,Posgrado Maestria,2024,Femenino,No pobre,Migró
Beca Permanencia,Universidad San Ignacio de Loyola S.R.L.,Economía,Ica,Pregrado,2024,Masculino,Pobre,Migró
Beca 18,Universidad Peruana de Ciencias Aplicadas S.A.C.,Ingeniería Industrial,Ica,Pregrado,2024,Masculino,Pobre Extremo,No Migró
Beca 18,Universidad Nacional de Trujillo,Ingeniería de Sistemas,Ica,Pregrado,2024,Masculino,Pobre,Migró
Beca 18,Universidad Nacional Hermilio Valdizán,Comunicaciones,Ica,Pregrado,2024,Femenino,Pobre,Migró
Beca Vocación,Universidad Privada del Norte S.A.C.,Contabilidad,Colombia,Posgrado Doctorado,2024,Masculino,Pobre,Migró
Beca Generación del Bicentenario,Universidad Peruana Cayetano Heredia,Educación,Australia,Posgrado Maestria,2024,Femenino,Pobre Extremo,Migró
Beca Generación del Bicentenario,Universidad Privada del Norte S.A.C.,Turismo y Hotelería,Ica,Posgrado Maestria,2024,Masculino,Pobre,No Migró
Beca 18,Universidad Nacional Agraria La Molina,Economía,Ica,Pregrado,2024,Femenino,Pobre,No Migró
Beca Vocación,Universidad del Pacífico,Trabajo Social,Ica,Posgrado Maestria,2024,Masculino,Pobre Extremo,No Migró
Beca Permanencia,Universidad San Ignacio de Loyola S.R.L.,Ingeniería Electrónica,España,Posgrado Doctorado,2024,Femenino,Pobre,Migró
Beca Permanencia,Universidad Nacional Agraria La Molina,Trabajo Social,Ica,Posgrado Maestria,2024,Masculino,Pobre Extremo,Migró
Beca Generación del Bicentenario,Universidad Peruana de Ciencias Aplicadas S.A.C.,Trabajo Social,Ica,Posgrado Maestria,2024,Femenino,Pobre Extremo,No Migró
Beca Generación del Bicentenario,Universidad Nacional del Callao,Nutrición,Alemania,Posgrado Maestria,2024,Masculino,Pobre,Migró
Beca 18,Universidad San Ignacio de Loyola S.R.L.,Arquitectura,Ica,Pregrado,2024,Femenino,Pobre,Migró
Beca 18,Universidad del Pacífico,Ingeniería Civil,Ica,Pregrado,2024,Femenino,Pobre Extremo,Migró
Beca Vocación,Universidad Nacional de Ucayali,Educación,Ica,Pregrado,2024,Masculino,Pobre Extremo,No Migró
Beca 18,Universidad Nacional de la Amazonía Peruana,Ingeniería Industrial,Ica,Pregrado,2024,Femenino,Pobre Extremo,No Migró
Beca 18,Universidad Nacional de la Amazonía Peruana,Medicina Humana,Ica,Pregrado,2024,Femenino,Pobre,No Migró
Beca Generación del Bicentenario,Universidad Nacional de Piura,Comunicaciones,Alemania,Posgrado Maestria,2024,Masculino,No pobre,Migró
Beca Permanencia,Universidad San Ignacio de Loyola S.R.L.,Educación,Ica,Pregrado,2024,Masculino,Pobre,Migró
Beca 18,Universidad Nacional de Ucayali,Administración de Empresas,Ica,Pregrado,2024,Femenino,Pobre,No Migró
Beca Inclusión Técnico-Productiva,Universidad San Ignacio de Loyola S.R.L.,Ingeniería Mecánica,Ica,Especiales,2024,Femenino,Pobre,No Migró
Beca Permanencia,Universidad Nacional Jorge Basadre Grohmann,Economía,Ica,Posgrado Maestria,2024,Femenino,Pobre Extremo,No Migró
Beca Generación del Bicentenario,Universidad del Pacífico,Ingeniería Industrial,Canadá,Posgrado Maestria,2024,Femenino,Pobre Extremo,Migró
Beca Generación del Bicentenario,Universidad Nacional de Ucayali,Contabilidad,Ica,Posgrado Maestria,2024,Masculino,Pobre,No Migró
Beca Inclusión Técnico-Productiva,Universidad Privada del Norte S.A.C.,Medicina Humana,Ica,Especiales,2024,Femenino,Pobre,No Migró
Beca Generación del Bicentenario,Universidad Nacional San Antonio Abad del Cusco,Economía,Ica,Posgrado Maestria,2024,Femenino,Pobre Extremo,Migró
Beca Inclusión Técnico-Productiva,Universidad Nacional Mayor de San Marcos,Economía,Ica,Especiales,2024,Femenino,Pobre,Migró
Beca 18,Universidad Nacional del Altiplano,Ingeniería Civil,Ica,Pregrado,2024,Femenino,Pobre,No Migró
Beca Vocación,Universidad Nacional San Agustín de Arequipa,Turismo y Hotelería,Ica,Pregrado,2024,Masculino,Pobre Extremo,Migró
Beca Vocación,Universidad Nacional de Ucayali,Derecho,Ica,Especiales,2024,Masculino,Pobre Extremo,Migró
Beca Generación del Bicentenario,Universidad Nacional de Ucayali,Ingeniería Mecánica,Ica,Posgrado Maestria,2024,Femenino,No pobre,No Migró
Beca Generación del Bicentenario,Universidad Nacional San Cristóbal de Huamanga,Turismo y Hotelería,Ica,Posgrado Maestria,2024,Femenino,Pobre Extremo,No Migró
Beca Vocación,Universidad Peruana Cayetano Heredia,Trabajo Social,Ica,Pregrado,2024,Femenino,Pobre,No Migró
Beca Generación del Bicentenario,Universidad Nacional Federico Villarreal,Enfermería,Ica,Posgrado Maestria,2024,Masculino,Pobre Extremo,Migró
Beca Inclusión Técnico-Productiva,Universidad Nacional de la Amazonía Peruana,Trabajo Social,Ica,Especiales,2024,Femenino,Pobre,No Migró
Beca Vocación,Universidad Nacional de Trujillo,Marketing,Ica,Posgrado Maestria,2024,Masculino,Pobre,No Migró
Beca Vocación,Universidad Nacional de Ingeniería,Turismo y Hotelería,Ica,Posgrado Maestria,2024,Femenino,Pobre Extremo,No Migró
Beca Inclusión Técnico-Productiva,Universidad Nacional de Cajamarca,Ingeniería Electrónica,Ica,Especiales,2024,Femenino,Pobre Extremo,Migró
Beca 18,Universidad Científica del Sur S.A.C.,Educación,Ica,Pregrado,2024,Femenino,Pobre Extremo,No Migró
Beca 18,Universidad Privada del Norte S.A.C.,Administración de Empresas,Ica,Pregrado,2024,Masculino,Pobre,No Migró
Beca Permanencia,Universidad Nacional Agraria La Molina,Nutrición,Ica,Pregrado,2024,Femenino,Pobre Extremo,No Migró
Beca Generación del Bicentenario,Universidad Nacional del Altiplano,Economía,Ica,Posgrado Maestria,2024,Femenino,Pobre,No Migró
Beca 18,Universidad del Pacífico,Economía,Ica,Posgrado Doctorado,2024,Masculino,Pobre Extremo,Migró
Beca Inclusión Técnico-Productiva,Universidad Peruana de Ciencias Aplicadas S.A.C.,Ingeniería Industrial,Ica,Especiales,2024,Femenino,Pobre Extremo,Migró
Beca Generación del Bicentenario,Universidad Nacional Mayor de San Marcos,Derecho,Ica,Posgrado Maestria,2024,Femenino,Pobre,Migró
Beca 18,Universidad Peruana de Ciencias Aplicadas S.A.C.,Ingeniería de Sistemas,Estados Unidos,Posgrado Maestria,2024,Femenino,Pobre,Migró
Beca Generación del Bicentenario,Universidad Nacional de Ingeniería,Derecho,Ica,Posgrado Maestria,2024,Masculino,Pobre Extremo,Migró
Beca 18,Universidad Nacional de Ucayali,Trabajo Social,Ica,Pregrado,2024,Masculino,Pobre Extremo,Migró
Beca 18,Universidad Nacional de Trujillo,Psicología,Ica,Posgrado Doctorado,2024,Masculino,Pobre,Migró
Beca Vocación,Universidad Peruana Cayetano Heredia,Administración de Empresas,Ica,Posgrado Doctorado,2024,Masculino,Pobre Extremo,Migró
Beca Permanencia,Universidad San Ignacio de Loyola S.R.L.,Ingeniería Electrónica,Ica,Pregrado,2024,Masculino,No pobre,No Migró
Beca 18,Universidad Científica del Sur S.A.C.,Turismo y Hotelería,Ica,Pregrado,2024,Masculino,Pobre,No Migró
Beca 18,Universidad del Pacífico,Marketing,Ica,Pregrado,2024,Masculino,Pobre,Migró
Beca 18,Pontificia Universidad Católica del Perú,Ingeniería de Sistemas,Ica,Pregrado,2024,Femenino,Pobre Extremo,No Migró
Beca 18,Universidad Científica del Sur S.A.C.,Psicología,Ica,Pregrado,2024,Masculino,Pobre,No Migró
Beca 18,Universidad San Ignacio de Loyola S.R.L.,Economía,México,Posgrado Doctorado,2024,Femenino,Pobre,Migró
Beca Permanencia,Universidad San Ignacio de Loyola S.R.L.,Enfermería,Ica,Pregrado,2024,Masculino,No pobre,Migró
Beca Generación del Bicentenario,Universidad Nacional de Piura,Ingeniería Civil,Francia,Posgrado Maestria,2024,Femenino,Pobre,Migró
Beca Inclusión Técnico-Productiva,Universidad Nacional de Ucayali,Ingeniería Civil,Ica,Especiales,2024,Femenino,Pobre,Migró
Beca 18,Universidad Nacional Mayor de San Marcos,Ingeniería de Sistemas,Ica,Pregrado,2024,Femenino,Pobre,Migró
Beca Generación del Bicentenario,Universidad Nacional de la Amazonía Peruana,Trabajo Social,Ica,Posgrado Maestria,2024,Femenino,Pobre Extremo,No Migró
Beca Inclusión Técnico-Productiva,Universidad Nacional San Agustín de Arequipa,Trabajo Social,Ica,Especiales,2024,Masculino,Pobre,Migró
Beca Generación del Bicentenario,Universidad Peruana de Ciencias Aplicadas S.A.C.,Ingeniería Electrónica,Ica,Posgrado Maestria,2024,Femenino,Pobre Extremo,Migró
Beca 18,Universidad Nacional de la Amazonía Peruana,Turismo y Hotelería,Ica,Posgrado Maestria,2024,Femenino,Pobre Extremo,Migró
Beca Vocación,Universidad Nacional del Altiplano,Ingeniería Industrial,Ica,Posgrado Maestria,2024,Femenino,No pobre,Migró
Beca Inclusión Técnico-Productiva,Universidad Nacional Jorge Basadre Grohmann,Ingeniería Industrial,Ica,Especiales,2024,Femenino,Pobre,No Migró
Beca Vocación,Universidad Nacional Hermilio Valdizán,Arquitectura,Ica,Especiales,2024,Masculino,Pobre Extremo,No Migró
Beca Generación del Bicentenario,Universidad San Ignacio de Loyola S.R.L.,Ingeniería Electrónica,Colombia,Posgrado Maestria,2024,Masculino,Pobre,Migró
Beca Generación del Bicentenario,Universidad Peruana Cayetano Heredia,Economía,Ica,Posgrado Maestria,2024,Femenino,Pobre,Migró
Beca 18,Universidad Nacional de Ingeniería,Nutrición,Ica,Pregrado,2024,Masculino,Pobre Extremo,Migró
Beca Inclusión Técnico-Productiva,Universidad Nacional San Antonio Abad del Cusco,Arquitectura,Ica,Especiales,2024,Femenino,Pobre,No Migró
Beca Vocación,Universidad Nacional San Agustín de Arequipa,Medicina Humana,Ica,Posgrado Maestria,2024,Femenino,No pobre,Migró
Beca Generación del Bicentenario,Pontificia Universidad Católica del Perú,Enfermería,Ica,Posgrado Maestria,2024,Femenino,Pobre Extremo,Migró
Beca Inclusión Técnico-Productiva,Universidad Nacional Hermilio Valdizán,Ingeniería Mecánica,Ica,Especiales,2024,Masculino,Pobre Extremo,No Migró
Beca 18,Universidad Peruana Cayetano Heredia,Marketing,Ica,Pregrado,2024,Masculino,Pobre,No Migró
Beca 18,Universidad Peruana Cayetano Heredia,Marketing,Ica,Pregrado,2024,Masculino,No pobre,Migró
Beca 18,Universidad Nacional de Piura,Administración de Negocios Internacionales,Ica,Pregrado,2024,Masculino,Pobre,No Migró
Beca Generación del Bicentenario,Universidad Nacional de Piura,Psicología,Ica,Posgrado Maestria,2024,Masculino,Pobre Extremo,Migró
Beca Vocación,Universidad Nacional Hermilio Valdizán,Turismo y Hotelería,Ica,Especiales,2024,Masculino,Pobre Extremo,No Migró
Beca 18,Universidad Nacional Jorge Basadre Grohmann,Ingeniería Civil,Ica,Pregrado,2024,Masculino,Pobre,No Migró
Beca 18,Universidad Nacional de Cajamarca,Derecho,Ica,Posgrado Doctorado,2024,Femenino,Pobre Extremo,Migró
Beca Generación del Bicentenario,Universidad Nacional del Callao,Marketing,Ica,Posgrado Maestria,2024,Femenino,No pobre,Migró
Beca 18,Universidad Nacional San Antonio Abad del Cusco,Administración de Negocios Internacionales,Ica,Especiales,2024,Masculino,Pobre,Migró
Beca Inclusión Técnico-Productiva,Universidad Peruana Cayetano Heredia,Ingeniería de Sistemas,Ica,Especiales,2024,Femenino,Pobre Extremo,Migró
Beca Permanencia,Universidad Peruana Cayetano Heredia,Enfermería,Ica,Especiales,2024,Masculino,Pobre,No Migró
Beca 18,Universidad Nacional Daniel Alcides Carrión,Economía,Ica,Pregrado,2024,Femenino,Pobre Extremo,Migró
Beca 18,Universidad Peruana Cayetano Heredia,Medicina Humana,Ica,Pregrado,2024,Masculino,No pobre,Migró
Beca Inclusión Técnico-Productiva,Universidad Nacional Mayor de San Marcos,Administración de Empresas,Ica,Especiales,2024,Masculino,Pobre,No Migró
Beca Vocación,Universidad Nacional del Callao,Turismo y Hotelería,Callao,Posgrado Maestria,2024,Femenino,Pobre,No Migró
Beca 18,Universidad Científica del Sur S.A.C.,Nutrición,Callao,Pregrado,2024,Masculino,Pobre,Migró
Beca Generación del Bicentenario,Universidad Nacional Jorge Basadre Grohmann,Comunicaciones,Argentina,Posgrado Maestria,2024,Masculino,Pobre,Migró
Beca Generación del Bicentenario,Universidad Nacional Hermilio Valdizán,Ingeniería Mecánica,Callao,Posgrado Maestria,2024,Masculino,Pobre,Migró
Beca Vocación,Universidad Peruana de Ciencias Aplicadas S.A.C.,Ingeniería Electrónica,Callao,Posgrado Maestria,2024,Femenino,Pobre,Migró
Beca Generación del Bicentenario,Universidad del Pacífico,Administración de Empresas,Callao,Posgrado Maestria,2024,Femenino,Pobre Extremo,Migró
Beca Permanencia,Universidad Nacional de la Amazonía Peruana,Contabilidad,Callao,Pregrado,2024,Femenino,Pobre,No Migró
Beca 18,Universidad Nacional del Callao,Comunicaciones,Callao,Pregrado,2024,Femenino,Pobre,Migró
Beca Vocación,Universidad Privada del Norte S.A.C.,Educación,Callao,Posgrado Maestria,2024,Masculino,Pobre,No Migró
Beca Inclusión Técnico-Productiva,Universidad Nacional Hermilio Valdizán,Trabajo Social,Callao,Especiales,2024,Femenino,Pobre Extremo,No Migró
Beca 18,Universidad Nacional de Ingeniería,Marketing,Callao,Pregrado,2024,Femenino,Pobre Extremo,No Migró
Beca Inclusión Técnico-Productiva,Universidad Peruana de Ciencias Aplicadas S.A.C.,Ingeniería Civil,Callao,Especiales,2024,Femenino,Pobre Extremo,No Migró
Beca 18,Universidad Nacional del Altiplano,Comunicaciones,Callao,Pregrado,2024,Femenino,Pobre,No Migró
Beca Inclusión Técnico-Productiva,Universidad del Pacífico,Derecho,Callao,Especiales,2024,Masculino,Pobre Extremo,No Migró
Beca Generación del Bicentenario,Universidad Privada del Norte S.A.C.,Administración de Empresas,Callao,Posgrado Maestria,2024,Masculino,Pobre,No Migró
Beca 18,Universidad Nacional San Antonio Abad del Cusco,Trabajo Social,Callao,Pregrado,2024,Masculino,Pobre,Migró
Beca Permanencia,Universidad San Ignacio de Loyola S.R.L.,Trabajo Social,Callao,Posgrado Doctorado,2024,Femenino,Pobre,Migró
Beca 18,Universidad Nacional del Altiplano,Administración de Empresas,Callao,Especiales,2024,Masculino,Pobre Extremo,No Migró
Beca Inclusión Técnico-Productiva,Universidad Peruana Cayetano Heredia,Economía,Callao,Especiales,2024,Femenino,Pobre Extremo,No Migró
Beca Inclusión Técnico-Productiva,Universidad San Ignacio de Loyola S.R.L.,Derecho,Callao,Especiales,2024,Femenino,Pobre,Migró
Beca 18,Universidad San Ignacio de Loyola S.R.L.,Nutrición,Callao,Pregrado,2024,Femenino,Pobre,Migró
Beca Permanencia,Universidad Nacional de Trujillo,Ingeniería Mecánica,Callao,Posgrado Maestria,2024,Femenino,Pobre,No Migró
Beca Inclusión Técnico-Productiva,Universidad Nacional San Cristóbal de Huamanga,Medicina Humana,Callao,Especiales,2024,Masculino,Pobre,Migró
Beca 18,Universidad Peruana de Ciencias Aplicadas S.A.C.,Economía,Callao,Pregrado,2024,Femenino,Pobre Extremo,Migró
Beca Generación del Bicentenario,Universidad Peruana de Ciencias Aplicadas S.A.C.,Enfermería,Callao,Posgrado Maestria,2024,Femenino,Pobre Extremo,No Migró
Beca Inclusión Técnico-Productiva,Universidad Nacional San Agustín de Arequipa,Contabilidad,Callao,Especiales,2024,Femenino,Pobre Extremo,No Migró
Beca 18,Universidad Nacional de Ucayali,Psicología,Canadá,Posgrado Doctorado,2024,Masculino,No pobre,Migró
Beca Permanencia,Universidad Peruana de Ciencias Aplicadas S.A.C.,Ingeniería de Sistemas,Colombia,Posgrado Doctorado,2024,Femenino,Pobre,Migró
Beca Inclusión Técnico-Productiva,Universidad Nacional Hermilio Valdizán,Ingeniería Industrial,Callao,Especiales,2024,Femenino,Pobre,Migró
Beca 18,Universidad Nacional Agraria La Molina,Medicina Humana,Callao,Especiales,2024,Masculino,Pobre Extremo,No Migró
Beca Inclusión Técnico-Productiva,Universidad del Pacífico,Ingeniería Industrial,Callao,Especiales,2024,Masculino,Pobre Extremo,No Migró
Beca 18,Universidad Científica del Sur S.A.C.,Administración de Empresas,Callao,Pregrado,2024,Masculino,No pobre,No Migró
Beca Inclusión Técnico-Productiva,Universidad San Ignacio de Loyola S.R.L.,Ingeniería Electrónica,Callao,Especiales,2024,Masculino,Pobre,Migró
Beca 18,Universidad San Ignacio de Loyola S.R.L.,Ingeniería Industrial,Callao,Pregrado,2024,Femenino,Pobre Extremo,No Migró
Beca 18,Universidad Nacional Hermilio Valdizán,Contabilidad,Callao,Pregrado,2024,Masculino,Pobre Extremo,No Migró
Beca Generación del Bicentenario,Universidad Nacional San Cristóbal de Huamanga,Derecho,Callao,Posgrado Maestria,2024,Masculino,Pobre,No Migró
Beca Generación del Bicentenario,Universidad Privada del Norte S.A.C.,Educación,Callao,Posgrado Maestria,2024,Femenino,Pobre Extremo,No Migró
Beca Generación del Bicentenario,Universidad Nacional Mayor de San Marcos,Economía,Argentina,Posgrado Maestria,2024,Masculino,Pobre Extremo,Migró
Beca Vocación,Universidad Nacional San Cristóbal de Huamanga,Turismo y Hotelería,Australia,Posgrado Maestria,2024,Femenino,Pobre,Migró
Beca Generación del Bicentenario,Universidad Nacional de Cajamarca,Ingeniería Electrónica,Callao,Posgrado Maestria,2024,Femenino,Pobre,Migró
Beca Generación del Bicentenario,Universidad Nacional San Cristóbal de Huamanga,Arquitectura,México,Posgrado Maestria,2024,Masculino,Pobre,Migró
Beca 18,Universidad Nacional Agraria La Molina,Comunicaciones,Callao,Pregrado,2024,Masculino,Pobre,No Migró
Beca Vocación,Universidad Nacional Mayor de San Marcos,Ingeniería Industrial,Callao,Especiales,2024,Femenino,Pobre,No Migró
Beca Vocación,Universidad Nacional de la Amazonía Peruana,Ingeniería Mecánica,Callao,Especiales,2024,Masculino,Pobre,Migró
Beca Generación del Bicentenario,Universidad San Ignacio de Loyola S.R.L.,Ingeniería Industrial,Callao,Posgrado Maestria,2024,Femenino,Pobre Extremo,Migró
Beca Permanencia,Universidad Científica del Sur S.A.C.,Turismo y Hotelería,Callao,Pregrado,2024,Masculino,No pobre,Migró
Beca Generación del Bicentenario,Universidad Nacional del Callao,Ingeniería Industrial,Canadá,Posgrado Maestria,2024,Femenino,Pobre Extremo,Migró
Beca 18,Universidad San Ignacio de Loyola S.R.L.,Administración de Negocios Internacionales,Callao,Pregrado,2024,Masculino,Pobre Extremo,Migró
Beca 18,Universidad Nacional del Altiplano,Administración de Empresas,Callao,Pregrado,2024,Femenino,Pobre Extremo,No Migró
Beca Generación del Bicentenario,Universidad Peruana de Ciencias Aplicadas S.A.C.,Ingeniería Electrónica,Cusco,Posgrado Maestria,2024,Femenino,Pobre,No Migró
Beca 18,Universidad Científica del Sur S.A.C.,Marketing,Cusco,Pregrado,2024,Masculino,Pobre Extremo,No Migró
Beca 18,Universidad San Ignacio de Loyola S.R.L.,Economía,Cusco,Pregrado,2024,Femenino,Pobre,No Migró
Beca Generación del Bicentenario,Universidad Nacional Jorge Basadre Grohmann,Ingeniería Civil,Cusco,Posgrado Maestria,2024,Femenino,Pobre,No Migró
Beca 18,Universidad Nacional San Agustín de Arequipa,Ingeniería Mecánica,Cusco,Pregrado,2024,Masculino,Pobre,Migró
Beca Inclusión Técnico-Productiva,Universidad del Pacífico,Nutrición,Cusco,Especiales,2024,Femenino,Pobre Extremo,Migró
Beca Permanencia,Universidad Nacional del Callao,Educación,México,Posgrado Maestria,2024,Femenino,Pobre Extremo,Migró
Beca 18,Universidad Nacional San Cristóbal de Huamanga,Arquitectura,Cusco,Pregrado,2024,Femenino,No pobre,Migró
Beca Inclusión Técnico-Productiva,Universidad Nacional Mayor de San Marcos,Ingeniería de Sistemas,Cusco,Especiales,2024,Masculino,Pobre Extremo,Migró
Beca Inclusión Técnico-Productiva,Universidad Nacional San Cristóbal de Huamanga,Ingeniería Industrial,Cusco,Especiales,2024,Masculino,Pobre,No Migró
Beca 18,Universidad Nacional San Agustín de Arequipa,Nutrición,Cusco,Pregrado,2024,Masculino,Pobre,No Migró
Beca Inclusión Técnico-Productiva,Universidad Nacional Hermilio Valdizán,Derecho,Cusco,Especiales,2024,Femenino,Pobre Extremo,Migró
Beca Generación del Bicentenario,Universidad Nacional Jorge Basadre Grohmann,Economía,Cusco,Posgrado Maestria,2024,Masculino,Pobre Extremo,Migró
Beca Inclusión Técnico-Productiva,Universidad Nacional de Ingeniería,Educación,Cusco,Especiales,2024,Masculino,Pobre,No Migró
Beca Generación del Bicentenario,Universidad Nacional de Trujillo,Psicología,Cusco,Posgrado Maestria,2024,Masculino,No pobre,No Migró
Beca Inclusión Técnico-Productiva,Universidad Privada del Norte S.A.C.,Arquitectura,Cusco,Especiales,2024,Masculino,No pobre,No Migró
Beca 18,Universidad Nacional del Callao,Medicina Humana,Cusco,Pregrado,2024,Masculino,No pobre,Migró
Beca 18,Universidad Nacional de Trujillo,Ingeniería Electrónica,Cusco,Pregrado,2024,Femenino,Pobre Extremo,No Migró
Beca Permanencia,Universidad Peruana Cayetano Heredia,Ingeniería de Sistemas,Australia,Posgrado Doctorado,2024,Masculino,Pobre Extremo,Migró
Beca 18,Universidad Nacional San Cristóbal de Huamanga,Enfermería,Cusco,Pregrado,2024,Masculino,Pobre,Migró
Beca Generación del Bicentenario,Universidad Científica del Sur S.A.C.,Ingeniería Industrial,Cusco,Posgrado Maestria,2024,Femenino,No pobre,No Migró
Beca Permanencia,Universidad Nacional de la Amazonía Peruana,Ingeniería Industrial,Cusco,Posgrado Maestria,2024,Femenino,Pobre Extremo,No Migró
Beca 18,Universidad Nacional del Callao,Ingeniería Industrial,Cusco,Pregrado,2024,Masculino,Pobre,No Migró
Beca Vocación,Universidad Nacional Hermilio Valdizán,Ingeniería de Sistemas,Cusco,Pregrado,2024,Femenino,Pobre Extremo,No Migró
Beca 18,Universidad Nacional de Trujillo,Medicina Humana,Cusco,Pregrado,2024,Femenino,Pobre,No Migró
Beca Permanencia,Universidad Científica del Sur S.A.C.,Ingeniería Mecánica,Cusco,Pregrado,2024,Masculino,Pobre,No Migró
Beca Vocación,Universidad Nacional de la Amazonía Peruana,Enfermería,Cusco,Posgrado Doctorado,2024,Femenino,No pobre,No Migró
Beca Vocación,Universidad Peruana de Ciencias Aplicadas S.A.C.,Medicina Humana,Cusco,Pregrado,2024,Masculino,Pobre Extremo,Migró
Beca 18,Universidad Nacional San Agustín de Arequipa,Administración de Empresas,Cusco,Pregrado,2024,Masculino,Pobre Extremo,No Migró
Beca 18,Universidad Nacional de Ingeniería,Medicina Humana,Cusco,Pregrado,2024,Masculino,Pobre,No Migró
Beca 18,Universidad Nacional Agraria La Molina,Derecho,Cusco,Pregrado,2024,Masculino,No pobre,Migró
Beca Permanencia,Universidad Científica del Sur S.A.C.,Ingeniería Electrónica,Cusco,Pregrado,2024,Femenino,Pobre,Migró
Beca Vocación,Pontificia Universidad Católica del Perú,Turismo y Hotelería,Cusco,Especiales,2024,Masculino,Pobre Extremo,No Migró
Beca Permanencia,Universidad San Ignacio de Loyola S.R.L.,Arquitectura,Cusco,Posgrado Maestria,2024,Femenino,Pobre Extremo,No Migró
Beca Inclusión Técnico-Productiva,Universidad Nacional Federico Villarreal,Administración de Empresas,Cusco,Especiales,2024,Femenino,Pobre,Migró
Beca 18,Universidad Nacional de Cajamarca,Ingeniería Electrónica,Cusco,Pregrado,2024,Femenino,Pobre Extremo,No Migró
Beca Generación del Bicentenario,Universidad Privada del Norte S.A.C.,Contabilidad,México,Posgrado Maestria,2024,Masculino,Pobre Extremo,Migró
Beca Inclusión Técnico-Productiva,Universidad Nacional San Cristóbal de Huamanga,Ingeniería Civil,Cusco,Especiales,2024,Masculino,Pobre,No Migró
Beca Inclusión Técnico-Productiva,Universidad Nacional de Cajamarca,Marketing,Cusco,Especiales,2024,Femenino,Pobre Extremo,Migró
Beca 18,Universidad Nacional Hermilio Valdizán,Arquitectura,Cusco,Pregrado,2024,Masculino,Pobre,No Migró
Beca Inclusión Técnico-Productiva,Universidad Peruana de Ciencias Aplicadas S.A.C.,Ingeniería de Sistemas,Cusco,Especiales,2024,Masculino,Pobre Extremo,No Migró
Beca 18,Universidad San Ignacio de Loyola S.R.L.,Derecho,Cusco,Pregrado,2024,Masculino,Pobre Extremo,No Migró
Beca 18,Universidad Privada del Norte S.A.C.,Contabilidad,Cusco,Pregrado,2024,Femenino,Pobre,No Migró
Beca Inclusión Técnico-Productiva,Universidad Nacional del Callao,Nutrición,Piura,Especiales,2024,Femenino,Pobre Extremo,No Migró
Beca Generación del Bicentenario,Universidad Nacional San Agustín de Arequipa,Derecho,Piura,Posgrado Maestria,2024,Masculino,Pobre Extremo,No Migró
Beca Generación del Bicentenario,Universidad del Pacífico,Ingeniería Industrial,Brasil,Posgrado Maestria,2024,Femenino,Pobre Extremo,Migró
Beca Generación del Bicentenario,Universidad Peruana de Ciencias Aplicadas S.A.C.,Enfermería,Piura,Posgrado Maestria,2024,Masculino,Pobre Extremo,No Migró
Beca 18,Universidad Nacional del Altiplano,Educación,México,Posgrado Maestria,2024,Femenino,No pobre,Migró
Beca Inclusión Técnico-Productiva,Universidad Nacional San Agustín de Arequipa,Ingeniería Civil,Piura,Especiales,2024,Femenino,Pobre Extremo,No Migró
Beca Generación del Bicentenario,Universidad Nacional de Ingeniería,Comunicaciones,Piura,Posgrado Maestria,2024,Femenino,Pobre,Migró
Beca Inclusión Técnico-Productiva,Universidad Nacional San Agustín de Arequipa,Comunicaciones,Piura,Especiales,2024,Femenino,Pobre,No Migró
Beca 18,Universidad Nacional de la Amazonía Peruana,Educación,Piura,Pregrado,2024,Femenino,Pobre,No Migró
Beca Permanencia,Universidad Nacional del Callao,Trabajo Social,Piura,Especiales,2024,Femenino,Pobre Extremo,No Migró
Beca 18,Universidad Peruana Cayetano Heredia,Ingeniería de Sistemas,Piura,Pregrado,2024,Masculino,No pobre,Migró
Beca 18,Universidad Nacional San Agustín de Arequipa,Psicología,Piura,Pregrado,2024,Femenino,Pobre Extremo,No Migró
Beca Generación del Bicentenario,Universidad Privada del Norte S.A.C.,Nutrición,Argentina,Posgrado Maestria,2024,Femenino,Pobre Extremo,Migró
Beca 18,Universidad Nacional de Cajamarca,Contabilidad,Piura,Pregrado,2024,Masculino,Pobre Extremo,No Migró
Beca Vocación,Universidad Nacional Daniel Alcides Carrión,Ingeniería de Sistemas,Alemania,Posgrado Doctorado,2024,Femenino,No pobre,Migró
Beca Generación del Bicentenario,Universidad San Ignacio de Loyola S.R.L.,Nutrición,Piura,Posgrado Maestria,2024,Femenino,Pobre Extremo,No Migró
Beca 18,Universidad Nacional del Callao,Comunicaciones,Piura,Pregrado,2024,Femenino,Pobre Extremo,No Migró
Beca 18,Universidad San Ignacio de Loyola S.R.L.,Administración de Empresas,Piura,Pregrado,2024,Femenino,No pobre,No Migró
Beca Generación del Bicentenario,Universidad San Ignacio de Loyola S.R.L.,Derecho,España,Posgrado Maestria,2024,Masculino,Pobre,Migró
Beca Inclusión Técnico-Productiva,Universidad Nacional de la Amazonía Peruana,Administración de Empresas,Piura,Especiales,2024,Masculino,Pobre Extremo,No Migró
Beca Inclusión Técnico-Productiva,Universidad Nacional Agraria La Molina,Ingeniería Mecánica,Piura,Especiales,2024,Masculino,Pobre,No Migró
Beca Inclusión Técnico-Productiva,Universidad Nacional de Ingeniería,Trabajo Social,Piura,Especiales,2024,Masculino,Pobre Extremo,No Migró
Beca Inclusión Técnico-Productiva,Universidad Nacional de Cajamarca,Administración de Empresas,Piura,Especiales,2024,Femenino,No pobre,Migró
Beca 18,Universidad del Pacífico,Medicina Humana,Piura,Pregrado,2024,Femenino,Pobre,No Migró
Beca Generación del Bicentenario,Universidad Nacional Daniel Alcides Carrión,Enfermería,Piura,Posgrado Maestria,2024,Femenino,Pobre,No Migró
Beca 18,Universidad Científica del Sur S.A.C.,Administración de Empresas,Piura,Pregrado,2024,Masculino,Pobre Extremo,No Migró
Beca Permanencia,Universidad Nacional de Cajamarca,Ingeniería de Sistemas,Piura,Especiales,2024,Masculino,Pobre,Migró
Beca 18,Universidad Científica del Sur S.A.C.,Nutrición,Piura,Pregrado,2024,Femenino,Pobre Extremo,No Migró
Beca Inclusión Técnico-Productiva,Universidad Nacional de Piura,Enfermería,Piura,Especiales,2024,Femenino,Pobre,Migró
Beca Generación del Bicentenario,Universidad Peruana de Ciencias Aplicadas S.A.C.,Economía,Piura,Posgrado Maestria,2024,Femenino,Pobre Extremo,Migró
Beca Generación del Bicentenario,Universidad San Ignacio de Loyola S.R.L.,Enfermería,Piura,Posgrado Maestria,2024,Femenino,Pobre Extremo,Migró
Beca 18,Universidad Nacional Mayor de San Marcos,Contabilidad,Piura,Pregrado,2024,Femenino,Pobre Extremo,No Migró
Beca Generación del Bicentenario,Universidad Nacional San Antonio Abad del Cusco,Educación,Piura,Posgrado Maestria,2024,Femenino,Pobre,No Migró
Beca Generación del Bicentenario,Universidad Nacional de la Amazonía Peruana,Psicología,Piura,Posgrado Maestria,2024,Femenino,Pobre,Migró
Beca 18,Universidad Nacional de Piura,Administración de Negocios Internacionales,Piura,Pregrado,2024,Masculino,Pobre Extremo,No Migró
Beca Generación del Bicentenario,Pontificia Universidad Católica del Perú,Nutrición,Piura,Posgrado Maestria,2024,Femenino,Pobre,No Migró
Beca 18,Universidad Nacional Federico Villarreal,Ingeniería Civil,Piura,Pregrado,2024,Masculino,Pobre,No Migró
Beca Generación del Bicentenario,Universidad Nacional Hermilio Valdizán,Contabilidad,Piura,Posgrado Maestria,2024,Femenino,Pobre Extremo,No Migró
Beca 18,Universidad Nacional del Altiplano,Economía,Piura,Pregrado,2024,Masculino,Pobre Extremo,No Migró
Beca 18,Universidad Privada del Norte S.A.C.,Trabajo Social,Piura,Pregrado,2024,Masculino,Pobre Extremo,No Migró
Beca Inclusión Técnico-Productiva,Universidad Peruana de Ciencias Aplicadas S.A.C.,Ingeniería de Sistemas,Piura,Especiales,2024,Femenino,Pobre,No Migró
Beca Vocación,Universidad Científica del Sur S.A.C.,Nutrición,Piura,Especiales,2024,Masculino,Pobre,No Migró
Beca Inclusión Técnico-Productiva,Universidad Nacional San Agustín de Arequipa,Comunicaciones,Lambayeque,Especiales,2024,Femenino,Pobre Extremo,No Migró
Beca 18,Universidad Nacional Mayor de San Marcos,Turismo y Hotelería,Australia,Posgrado Maestria,2024,Masculino,Pobre Extremo,Migró
Beca Permanencia,Universidad Privada del Norte S.A.C.,Ingeniería Mecánica,España,Posgrado Maestria,2024,Masculino,Pobre,Migró
Beca Vocación,Universidad Científica del Sur S.A.C.,Administración de Empresas,Lambayeque,Especiales,2024,Femenino,Pobre Extremo,No Migró
Beca Generación del Bicentenario,Universidad Científica del Sur S.A.C.,Psicología,Lambayeque,Posgrado Maestria,2024,Femenino,Pobre,Migró
Beca Generación del Bicentenario,Universidad Nacional de Ucayali,Enfermería,Chile,Posgrado Maestria,2024,Femenino,Pobre,Migró
Beca Generación del Bicentenario,Universidad Nacional de la Amazonía Peruana,Contabilidad,Lambayeque,Posgrado Maestria,2024,Femenino,Pobre Extremo,Migró
Beca Permanencia,Universidad Científica del Sur S.A.C.,Turismo y Hotelería,Lambayeque,Especiales,2024,Femenino,Pobre Extremo,Migró
Beca Generación del Bicentenario,Pontificia Universidad Católica del Perú,Nutrición,Colombia,Posgrado Maestria,2024,Femenino,Pobre,Migró
Beca Permanencia,Universidad Peruana de Ciencias Aplicadas S.A.C.,Ingeniería Civil,Canadá,Posgrado Doctorado,2024,Masculino,No pobre,Migró
Beca 18,Universidad San Ignacio de Loyola S.R.L.,Nutrición,Lambayeque,Pregrado,2024,Femenino,Pobre,No Migró
Beca 18,Universidad Nacional San Antonio Abad del Cusco,Administración de Negocios Internacionales,Lambayeque,Pregrado,2024,Masculino,Pobre,No Migró
Beca 18,Universidad Nacional Agraria La Molina,Nutrición,Lambayeque,Posgrado Doctorado,2024,Femenino,Pobre,Migró
Beca Generación del Bicentenario,Universidad Peruana Cayetano Heredia,Ingeniería de Sistemas,Argentina,Posgrado Maestria,2024,Femenino,Pobre Extremo,Migró
Beca 18,Pontificia Universidad Católica del Perú,Ingeniería Electrónica,Lambayeque,Posgrado Doctorado,2024,Femenino,Pobre,Migró
Beca 18,Universidad Científica del Sur S.A.C.,Administración de Negocios Internacionales,Lambayeque,Pregrado,2024,Femenino,Pobre Extremo,Migró
Beca Permanencia,Universidad Científica del Sur S.A.C.,Arquitectura,Lambayeque,Pregrado,2024,Femenino,Pobre Extremo,Migró
Beca Inclusión Técnico-Productiva,Universidad Nacional San Agustín de Arequipa,Comunicaciones,Lambayeque,Especiales,2024,Masculino,No pobre,Migró
Beca 18,Universidad Nacional San Agustín de Arequipa,Arquitectura,Lambayeque,Pregrado,2024,Masculino,Pobre Extremo,No Migró
Beca 18,Universidad Nacional Mayor de San Marcos,Arquitectura,Lambayeque,Pregrado,2024,Femenino,No pobre,No Migró
Beca 18,Universidad Nacional de la Amazonía Peruana,Ingeniería de Sistemas,Lambayeque,Pregrado,2024,Femenino,Pobre Extremo,No Migró
Beca Permanencia,Universidad Nacional Agraria La Molina,Administración de Negocios Internacionales,Lambayeque,Especiales,2024,Masculino,No pobre,Migró
Beca 18,Universidad Nacional de Trujillo,Marketing,Lambayeque,Pregrado,2024,Femenino,Pobre,No Migró
Beca 18,Universidad Nacional San Antonio Abad del Cusco,Marketing,Lambayeque,Pregrado,2024,Femenino,Pobre Extremo,Migró
Beca Vocación,Universidad Peruana de Ciencias Aplicadas S.A.C.,Comunicaciones,Lambayeque,Especiales,2024,Femenino,Pobre,No Migró
Beca Inclusión Técnico-Productiva,Universidad Nacional de la Amazonía Peruana,Administración de Empresas,Lambayeque,Especiales,2024,Masculino,Pobre,No Migró
Beca Inclusión Técnico-Productiva,Universidad San Ignacio de Loyola S.R.L.,Ingeniería Mecánica,Lambayeque,Especiales,2024,Masculino,Pobre Extremo,No Migró
Beca Inclusión Técnico-Productiva,Universidad Nacional San Antonio Abad del Cusco,Ingeniería Industrial,Lambayeque,Especiales,2024,Femenino,Pobre Extremo,Migró
Beca Vocación,Universidad Científica del Sur S.A.C.,Ingeniería Industrial,Lambayeque,Especiales,2024,Femenino,Pobre Extremo,No Migró
Beca Generación del Bicentenario,Universidad Nacional Agraria La Molina,Ingeniería Electrónica,Brasil,Posgrado Maestria,2024,Masculino,Pobre,Migró
Beca Generación del Bicentenario,Universidad Nacional del Callao,Arquitectura,Lambayeque,Posgrado Maestria,2024,Femenino,Pobre,No Migró
Beca Generación del Bicentenario,Universidad Nacional Federico Villarreal,Medicina Humana,Lambayeque,Posgrado Maestria,2024,Femenino,Pobre,Migró
Beca 18,Universidad Nacional del Callao,Ingeniería Electrónica,Lambayeque,Pregrado,2024,Femenino,Pobre,No Migró
Beca Permanencia,Universidad Nacional Jorge Basadre Grohmann,Trabajo Social,Lambayeque,Posgrado Maestria,2024,Femenino,Pobre,No Migró
Beca Permanencia,Pontificia Universidad Católica del Perú,Administración de Negocios Internacionales,España,Posgrado Maestria,2024,Femenino,Pobre,Migró
Beca 18,Universidad Nacional Federico Villarreal,Ingeniería Civil,Lambayeque,Pregrado,2024,Masculino,Pobre Extremo,No Migró
Beca Inclusión Técnico-Productiva,Universidad San Ignacio de Loyola S.R.L.,Comunicaciones,Lambayeque,Especiales,2024,Masculino,Pobre Extremo,No Migró
Beca Generación del Bicentenario,Universidad del Pacífico,Educación,Estados Unidos,Posgrado Maestria,2024,Masculino,Pobre Extremo,Migró
Beca Permanencia,Pontificia Universidad Católica del Perú,Educación,Junín,Posgrado Doctorado,2024,Masculino,Pobre,No Migró
Beca Inclusión Técnico-Productiva,Universidad Peruana de Ciencias Aplicadas S.A.C.,Educación,Junín,Especiales,2024,Masculino,Pobre,No Migró
Beca Generación del Bicentenario,Universidad San Ignacio de Loyola S.R.L.,Trabajo Social,Junín,Posgrado Maestria,2024,Masculino,Pobre Extremo,No Migró
Beca Inclusión Técnico-Productiva,Universidad Nacional de Trujillo,Ingeniería Civil,Junín,Especiales,2024,Femenino,Pobre,Migró
Beca Inclusión Técnico-Productiva,Universidad Nacional Mayor de San Marcos,Comunicaciones,Junín,Especiales,2024,Femenino,Pobre Extremo,No Migró
Beca 18,Universidad Privada del Norte S.A.C.,Enfermería,Francia,Posgrado Doctorado,2024,Masculino,Pobre Extremo,Migró
Beca Permanencia,Universidad Nacional San Cristóbal de Huamanga,Ingeniería Industrial,Junín,Especiales,2024,Femenino,Pobre,No Migró
Beca Vocación,Universidad Nacional de Cajamarca,Psicología,Junín,Pregrado,2024,Femenino,Pobre Extremo,No Migró
Beca 18,Universidad Nacional del Callao,Derecho,Junín,Pregrado,2024,Masculino,Pobre,No Migró
Beca Generación del Bicentenario,Universidad Peruana de Ciencias Aplicadas S.A.C.,Derecho,Junín,Posgrado Maestria,2024,Masculino,Pobre Extremo,No Migró
Beca Inclusión Técnico-Productiva,Universidad Privada del Norte S.A.C.,Comunicaciones,Junín,Especiales,2024,Femenino,Pobre,Migró
Beca Vocación,Universidad del Pacífico,Ingeniería Civil,Junín,Especiales,2024,Masculino,Pobre Extremo,Migró
Beca 18,Universidad Peruana Cayetano Heredia,Arquitectura,Junín,Pregrado,2024,Masculino,Pobre Extremo,No Migró
Beca Inclusión Técnico-Productiva,Universidad Nacional Federico Villarreal,Ingeniería Electrónica,Junín,Especiales,2024,Masculino,Pobre,No Migró
Beca Permanencia,Universidad Nacional Hermilio Valdizán,Medicina Humana,Francia,Posgrado Doctorado,2024,Masculino,Pobre,Migró
Beca Generación del Bicentenario,Universidad San Ignacio de Loyola S.R.L.,Educación,Junín,Posgrado Maestria,2024,Femenino,Pobre,No Migró
Beca Generación del Bicentenario,Universidad Nacional San Agustín de Arequipa,Enfermería,Junín,Posgrado Maestria,2024,Femenino,Pobre Extremo,No Migró
Beca 18,Universidad Peruana Cayetano Heredia,Ingeniería Industrial,Junín,Pregrado,2024,Femenino,Pobre Extremo,No Migró
Beca Generación del Bicentenario,Universidad Peruana de Ciencias Aplicadas S.A.C.,Marketing,Junín,Posgrado Maestria,2024,Masculino,Pobre,No Migró
Beca Inclusión Técnico-Productiva,Pontificia Universidad Católica del Perú,Turismo y Hotelería,Junín,Especiales,2024,Masculino,Pobre,Migró
Beca Generación del Bicentenario,Universidad Nacional San Agustín de Arequipa,Enfermería,Brasil,Posgrado Maestria,2024,Masculino,Pobre Extremo,Migró
Beca 18,Universidad Científica del Sur S.A.C.,Arquitectura,Junín,Pregrado,2024,Femenino,Pobre,No Migró
Beca 18,Universidad Nacional de Ingeniería,Comunicaciones,Junín,Pregrado,2024,Masculino,Pobre Extremo,Migró
Beca Inclusión Técnico-Productiva,Universidad Nacional de Cajamarca,Administración de Negocios Internacionales,Junín,Especiales,2024,Masculino,Pobre,No Migró
Beca Inclusión Técnico-Productiva,Pontificia Universidad Católica del Perú,Nutrición,Junín,Especiales,2024,Masculino,Pobre,No Migró
Beca 18,Universidad Nacional San Cristóbal de Huamanga,Nutrición,Junín,Pregrado,2024,Masculino,Pobre Extremo,No Migró
Beca Generación del Bicentenario,Universidad San Ignacio de Loyola S.R.L.,Ingeniería Civil,Junín,Posgrado Maestria,2024,Masculino,Pobre,No Migró
Beca Inclusión Técnico-Productiva,Universidad Nacional San Agustín de Arequipa,Ingeniería Industrial,Junín,Especiales,2024,Masculino,Pobre Extremo,Migró
Beca Vocación,Universidad Nacional del Altiplano,Psicología,Junín,Posgrado Doctorado,2024,Femenino,Pobre Extremo,No Migró
Beca Inclusión Técnico-Productiva,Universidad Nacional Hermilio Valdizán,Turismo y Hotelería,Junín,Especiales,2024,Masculino,Pobre,No Migró
Beca 18,Universidad Nacional de Piura,Contabilidad,Junín,Pregrado,2024,Masculino,No pobre,Migró
Beca Permanencia,Universidad Nacional de Trujillo,Economía,Junín,Pregrado,2024,Femenino,Pobre Extremo,No Migró
Beca Inclusión Técnico-Productiva,Pontificia Universidad Católica del Perú,Ingeniería Mecánica,Junín,Especiales,2024,Masculino,Pobre Extremo,No Migró
Beca 18,Universidad Nacional de Trujillo,Administración de Empresas,Junín,Posgrado Doctorado,2024,Femenino,No pobre,Migró
Beca Generación del Bicentenario,Universidad Nacional de Cajamarca,Ingeniería de Sistemas,Junín,Posgrado Maestria,2024,Femenino,Pobre Extremo,Migró
Beca Inclusión Técnico-Productiva,Universidad Científica del Sur S.A.C.,Educación,Junín,Especiales,2024,Femenino,Pobre,No Migró
Beca Inclusión Técnico-Productiva,Universidad Nacional de la Amazonía Peruana,Psicología,La Libertad,Especiales,2024,Masculino,Pobre Extremo,No Migró
Beca 18,Universidad Nacional Jorge Basadre Grohmann,Ingeniería Industrial,La Libertad,Pregrado,2024,Masculino,Pobre Extremo,Migró
Beca Inclusión Técnico-Productiva,Universidad Científica del Sur S.A.C.,Psicología,La Libertad,Especiales,2024,Masculino,Pobre,Migró
Beca Permanencia,Universidad Científica del Sur S.A.C.,Comunicaciones,La Libertad,Posgrado Doctorado,2024,Femenino,Pobre Extremo,Migró
Beca Generación del Bicentenario,Universidad Peruana Cayetano Heredia,Comunicaciones,La Libertad,Posgrado Maestria,2024,Femenino,Pobre,No Migró
Beca Vocación,Universidad Peruana Cayetano Heredia,Nutrición,La Libertad,Posgrado Maestria,2024,Masculino,No pobre,Migró
Beca Vocación,Universidad Nacional San Antonio Abad del Cusco,Medicina Humana,La Libertad,Posgrado Doctorado,2024,Femenino,Pobre,No Migró
Beca Inclusión Técnico-Productiva,Universidad Peruana de Ciencias Aplicadas S.A.C.,Administración de Empresas,La Libertad,Especiales,2024,Masculino,Pobre Extremo,Migró
Beca Generación del Bicentenario,Universidad Nacional de la Amazonía Peruana,Ingeniería Electrónica,La Libertad,Posgrado Maestria,2024,Femenino,Pobre,No Migró
Beca 18,Universidad Nacional de Trujillo,Marketing,La Libertad,Pregrado,2024,Femenino,Pobre Extremo,No Migró
Beca 18,Universidad Nacional de la Amazonía Peruana,Nutrición,La Libertad,Pregrado,2024,Masculino,No pobre,No Migró
Beca Generación del Bicentenario,Universidad Nacional Agraria La Molina,Medicina Humana,La Libertad,Posgrado Maestria,2024,Masculino,Pobre,No Migró
Beca Generación del Bicentenario,Pontificia Universidad Católica del Perú,Enfermería,La Libertad,Posgrado Maestria,2024,Femenino,No pobre,No Migró
Beca Generación del Bicentenario,Universidad Peruana de Ciencias Aplicadas S.A.C.,Economía,La Libertad,Posgrado Maestria,2024,Femenino,Pobre Extremo,No Migró
Beca Generación del Bicentenario,Universidad Nacional Jorge Basadre Grohmann,Derecho,La Libertad,Posgrado Maestria,2024,Masculino,Pobre Extremo,No Migró
Beca Inclusión Técnico-Productiva,Universidad Nacional Daniel Alcides Carrión,Marketing,La Libertad,Especiales,2024,Masculino,Pobre Extremo,No Migró
Beca Generación del Bicentenario,Universidad Nacional Jorge Basadre Grohmann,Arquitectura,La Libertad,Posgrado Maestria,2024,Femenino,Pobre Extremo,No Migró
Beca Inclusión Técnico-Productiva,Universidad Científica del Sur S.A.C.,Ingeniería Mecánica,La Libertad,Especiales,2024,Masculino,No pobre,No Migró
Beca Permanencia,Universidad del Pacífico,Ingeniería Industrial,La Libertad,Pregrado,2024,Masculino,Pobre Extremo,Migró
Beca 18,Universidad Científica del Sur S.A.C.,Ingeniería Mecánica,La Libertad,Especiales,2024,Femenino,Pobre Extremo,Migró
Beca Permanencia,Universidad Nacional San Antonio Abad del Cusco,Marketing,La Libertad,Especiales,2024,Masculino,Pobre Extremo,Migró
Beca 18,Universidad Nacional Hermilio Valdizán,Economía,La Libertad,Pregrado,2024,Masculino,Pobre,No Migró
Beca 18,Universidad Nacional Jorge Basadre Grohmann,Ingeniería Electrónica,La Libertad,Pregrado,2024,Femenino,No pobre,No Migró
Beca Generación del Bicentenario,Universidad Científica del Sur S.A.C.,Administración de Negocios Internacionales,La Libertad,Posgrado Maestria,2024,Masculino,Pobre,No Migró
Beca Generación del Bicentenario,Universidad San Ignacio de Loyola S.R.L.,Trabajo Social,La Libertad,Posgrado Maestria,2024,Masculino,Pobre Extremo,Migró
Beca Generación del Bicentenario,Pontificia Universidad Católica del Perú,Ingeniería Electrónica,Chile,Posgrado Maestria,2024,Femenino,Pobre Extremo,Migró
Beca 18,Universidad Nacional San Cristóbal de Huamanga,Ingeniería Industrial,La Libertad,Pregrado,2024,Masculino,Pobre,Migró
Beca Generación del Bicentenario,Universidad Nacional de la Amazonía Peruana,Ingeniería Civil,La Libertad,Posgrado Maestria,2024,Femenino,No pobre,No Migró
Beca Permanencia,Universidad Científica del Sur S.A.C.,Psicología,La Libertad,Pregrado,2024,Masculino,No pobre,Migró
Beca Generación del Bicentenario,Universidad Científica del Sur S.A.C.,Ingeniería Civil,Arequipa,Posgrado Maestria,2024,Femenino,Pobre Extremo,No Migró
Beca 18,Universidad Nacional de Cajamarca,Psicología,Arequipa,Pregrado,2024,Femenino,Pobre Extremo,Migró
Beca 18,Universidad Peruana Cayetano Heredia,Arquitectura,Arequipa,Pregrado,2024,Masculino,Pobre Extremo,No Migró
Beca 18,Universidad Peruana de Ciencias Aplicadas S.A.C.,Enfermería,Estados Unidos,Posgrado Doctorado,2024,Femenino,Pobre Extremo,Migró
Beca Inclusión Técnico-Productiva,Universidad del Pacífico,Ingeniería Industrial,Arequipa,Especiales,2024,Femenino,Pobre Extremo,Migró
Beca Generación del Bicentenario,Universidad Nacional de Ucayali,Trabajo Social,Australia,Posgrado Maestria,2024,Femenino,Pobre,Migró
Beca Permanencia,Universidad Nacional Jorge Basadre Grohmann,Turismo y Hotelería,Francia,Posgrado Maestria,2024,Femenino,Pobre,Migró
Beca 18,Universidad Peruana de Ciencias Aplicadas S.A.C.,Contabilidad,Arequipa,Pregrado,2024,Femenino,Pobre Extremo,Migró
Beca 18,Universidad Nacional de Trujillo,Comunicaciones,Brasil,Posgrado Maestria,2024,Masculino,Pobre,Migró
Beca 18,Universidad Nacional de Piura,Ingeniería Civil,Arequipa,Pregrado,2024,Masculino,Pobre,Migró
Beca Inclusión Técnico-Productiva,Universidad Privada del Norte S.A.C.,Derecho,Arequipa,Especiales,2024,Masculino,Pobre,No Migró
Beca Inclusión Técnico-Productiva,Universidad Peruana de Ciencias Aplicadas S.A.C.,Psicología,Arequipa,Especiales,2024,Masculino,Pobre Extremo,No Migró
Beca 18,Universidad Nacional San Agustín de Arequipa,Ingeniería Mecánica,Arequipa,Pregrado,2024,Femenino,Pobre Extremo,No Migró
Beca 18,Universidad Nacional Mayor de San Marcos,Derecho,Arequipa,Pregrado,2024,Femenino,Pobre,No Migró
Beca Generación del Bicentenario,Universidad Nacional de la Amazonía Peruana,Turismo y Hotelería,Arequipa,Posgrado Maestria,2024,Femenino,Pobre Extremo,No Migró
Beca Permanencia,Universidad Privada del Norte S.A.C.,Derecho,Arequipa,Especiales,2024,Masculino,No pobre,No Migró
Beca Permanencia,Universidad Nacional Federico Villarreal,Arquitectura,Arequipa,Posgrado Maestria,2024,Masculino,Pobre Extremo,Migró
Beca Vocación,Pontificia Universidad Católica del Perú,Contabilidad,Arequipa,Posgrado Maestria,2024,Masculino,Pobre Extremo,Migró
Beca 18,Universidad Nacional San Cristóbal de Huamanga,Ingeniería de Sistemas,Arequipa,Pregrado,2024,Masculino,Pobre,Migró
Beca Generación del Bicentenario,Universidad Peruana de Ciencias Aplicadas S.A.C.,Ingeniería Mecánica,Arequipa,Posgrado Maestria,2024,Femenino,Pobre Extremo,No Migró
Beca Generación del Bicentenario,Universidad Peruana Cayetano Heredia,Ingeniería Industrial,Arequipa,Posgrado Maestria,2024,Femenino,Pobre,Migró
Beca Generación del Bicentenario,Universidad Peruana Cayetano Heredia,Ingeniería Mecánica,Arequipa,Posgrado Maestria,2024,Masculino,Pobre,No Migró
Beca Inclusión Técnico-Productiva,Universidad Nacional San Cristóbal de Huamanga,Marketing,Arequipa,Especiales,2024,Masculino,Pobre Extremo,Migró
Beca 18,Universidad Peruana Cayetano Heredia,Derecho,Arequipa,Especiales,2024,Masculino,Pobre Extremo,Migró
Beca Permanencia,Universidad Nacional Mayor de San Marcos,Psicología,Arequipa,Pregrado,2024,Masculino,Pobre,No Migró
Beca Vocación,Universidad Nacional de Ingeniería,Ingeniería Mecánica,Cajamarca,Especiales,2024,Masculino,Pobre Extremo,No Migró
Beca Generación del Bicentenario,Universidad Nacional de la Amazonía Peruana,Ingeniería Electrónica,Cajamarca,Posgrado Maestria,2024,Masculino,Pobre Extremo,Migró
Beca 18,Universidad Nacional Daniel Alcides Carrión,Medicina Humana,Cajamarca,Pregrado,2024,Femenino,Pobre,No Migró
Beca Vocación,Universidad Nacional Jorge Basadre Grohmann,Contabilidad,Cajamarca,Pregrado,2024,Masculino,Pobre Extremo,Migró
Beca Generación del Bicentenario,Universidad Nacional Daniel Alcides Carrión,Contabilidad,Colombia,Posgrado Maestria,2024,Femenino,Pobre,Migró
Beca Generación del Bicentenario,Universidad Nacional Mayor de San Marcos,Administración de Empresas,Cajamarca,Posgrado Maestria,2024,Masculino,Pobre,Migró
Beca Generación del Bicentenario,Universidad Nacional San Cristóbal de Huamanga,Comunicaciones,Cajamarca,Posgrado Maestria,2024,Femenino,Pobre Extremo,Migró
Beca Inclusión Técnico-Productiva,Universidad San Ignacio de Loyola S.R.L.,Educación,Cajamarca,Especiales,2024,Femenino,Pobre Extremo,No Migró
Beca Inclusión Técnico-Productiva,Universidad Nacional del Altiplano,Administración de Empresas,Cajamarca,Especiales,2024,Femenino,Pobre,No Migró
Beca Inclusión Técnico-Productiva,Universidad Privada del Norte S.A.C.,Trabajo Social,Cajamarca,Especiales,2024,Masculino,Pobre Extremo,No Migró
Beca Generación del Bicentenario,Universidad Nacional San Antonio Abad del Cusco,Economía,Cajamarca,Posgrado Maestria,2024,Femenino,Pobre,Migró
Beca Inclusión Técnico-Productiva,Universidad San Ignacio de Loyola S.R.L.,Administración de Empresas,Cajamarca,Especiales,2024,Masculino,Pobre Extremo,No Migró
Beca Generación del Bicentenario,Universidad Nacional Mayor de San Marcos,Nutrición,Chile,Posgrado Maestria,2024,Femenino,Pobre,Migró
Beca Inclusión Técnico-Productiva,Universidad Nacional San Agustín de Arequipa,Ingeniería de Sistemas,Cajamarca,Especiales,2024,Masculino,No pobre,No Migró
Beca Inclusión Técnico-Productiva,Universidad Nacional de Trujillo,Medicina Humana,Cajamarca,Especiales,2024,Femenino,Pobre Extremo,Migró
Beca Generación del Bicentenario,Universidad del Pacífico,Economía,Canadá,Posgrado Maestria,2024,Femenino,Pobre Extremo,Migró
Beca Inclusión Técnico-Productiva,Universidad Nacional Hermilio Valdizán,Ingeniería Mecánica,Cajamarca,Especiales,2024,Femenino,Pobre Extremo,Migró
Beca Vocación,Universidad Nacional San Antonio Abad del Cusco,Ingeniería Civil,Cajamarca,Posgrado Doctorado,2024,Femenino,Pobre Extremo,Migró
Beca Vocación,Universidad Nacional San Antonio Abad del Cusco,Ingeniería Industrial,Cajamarca,Pregrado,2024,Masculino,Pobre Extremo,No Migró
Beca 18,Universidad Nacional Agraria La Molina,Contabilidad,Cajamarca,Pregrado,2024,Femenino,No pobre,Migró
Beca 18,Universidad Peruana Cayetano Heredia,Economía,Cajamarca,Pregrado,2024,Femenino,Pobre,Migró
Beca Vocación,Universidad Nacional de la Amazonía Peruana,Trabajo Social,Cajamarca,Especiales,2024,Femenino,No pobre,No Migró
Beca Inclusión Técnico-Productiva,Universidad Nacional de Ingeniería,Economía,Cajamarca,Especiales,2024,Masculino,Pobre,Migró
Beca 18,Universidad Nacional San Antonio Abad del Cusco,Ingeniería Mecánica,Puno,Pregrado,2024,Femenino,Pobre Extremo,No Migró
Beca Vocación,Universidad Nacional del Altiplano,Marketing,Puno,Pregrado,2024,Masculino,Pobre Extremo,No Migró
Beca Vocación,Universidad Nacional de Cajamarca,Educación,Alemania,Posgrado Maestria,2024,Masculino,No pobre,Migró
Beca Generación del Bicentenario,Universidad Científica del Sur S.A.C.,Medicina Humana,Puno,Posgrado Maestria,2024,Masculino,No pobre,No Migró
Beca Vocación,Universidad Peruana de Ciencias Aplicadas S.A.C.,Economía,Puno,Pregrado,2024,Masculino,Pobre Extremo,No Migró
Beca Vocación,Universidad Nacional del Callao,Ingeniería Civil,Puno,Pregrado,2024,Masculino,Pobre Extremo,No Migró
Beca 18,Pontificia Universidad Católica del Perú,Arquitectura,Puno,Pregrado,2024,Masculino,Pobre,No Migró
Beca 18,Universidad Nacional de Trujillo,Ingeniería Mecánica,Puno,Especiales,2024,Femenino,Pobre,No Migró
Beca Generación del Bicentenario,Universidad Nacional del Callao,Derecho,Puno,Posgrado Maestria,2024,Masculino,No pobre,No Migró
Beca Generación del Bicentenario,Universidad Nacional Agraria La Molina,Derecho,Puno,Posgrado Maestria,2024,Masculino,Pobre Extremo,Migró
Beca 18,Universidad San Ignacio de Loyola S.R.L.,Ingeniería Electrónica,Puno,Pregrado,2024,Femenino,Pobre,Migró
Beca Inclusión Técnico-Productiva,Universidad Nacional de Trujillo,Marketing,Puno,Especiales,2024,Femenino,Pobre,No Migró
Beca Generación del Bicentenario,Universidad Nacional de Cajamarca,Arquitectura,Puno,Posgrado Maestria,2024,Femenino,Pobre,Migró
Beca 18,Universidad Nacional Hermilio Valdizán,Educación,Puno,Pregrado,2024,Femenino,No pobre,No Migró
Beca 18,Universidad Nacional de Trujillo,Trabajo Social,Puno,Pregrado,2024,Masculino,Pobre Extremo,No Migró
Beca Generación del Bicentenario,Universidad Peruana Cayetano Heredia,Nutrición,Puno,Posgrado Maestria,2024,Masculino,Pobre Extremo,Migró
Beca Inclusión Técnico-Productiva,Universidad Nacional San Antonio Abad del Cusco,Medicina Humana,Puno,Especiales,2024,Masculino,Pobre Extremo,Migró
Beca Vocación,Universidad Nacional San Antonio Abad del Cusco,Turismo y Hotelería,Puno,Posgrado Doctorado,2024,Femenino,Pobre Extremo,No Migró
Beca 18,Universidad Privada del Norte S.A.C.,Psicología,Puno,Pregrado,2024,Femenino,No pobre,No Migró
Beca 18,Universidad Nacional Federico Villarreal,Ingeniería Electrónica,Canadá,Posgrado Maestria,2024,Femenino,Pobre,Migró
Beca 18,Universidad Nacional San Antonio Abad del Cusco,Ingeniería Civil,Puno,Pregrado,2024,Femenino,Pobre Extremo,No Migró
Beca Permanencia,Universidad Peruana de Ciencias Aplicadas S.A.C.,Administración de Negocios Internacionales,Puno,Especiales,2024,Masculino,Pobre,No Migró
Beca Permanencia,Universidad Nacional Agraria La Molina,Trabajo Social,San Martín,Especiales,2024,Femenino,Pobre,No Migró
Beca Vocación,Universidad Nacional Hermilio Valdizán,Contabilidad,San Martín,Posgrado Doctorado,2024,Masculino,Pobre,No Migró
Beca Generación del Bicentenario,Universidad Nacional San Antonio Abad del Cusco,Ingeniería de Sistemas,San Martín,Posgrado Maestria,2024,Masculino,Pobre,Migró
Beca 18,Universidad Nacional del Altiplano,Ingeniería Electrónica,San Martín,Pregrado,2024,Masculino,No pobre,Migró
Beca Inclusión Técnico-Productiva,Universidad Nacional del Callao,Administración de Negocios Internacionales,San Martín,Especiales,2024,Masculino,No pobre,No Migró
Beca Vocación,Universidad del Pacífico,Contabilidad,San Martín,Posgrado Maestria,2024,Femenino,Pobre,Migró
Beca Inclusión Técnico-Productiva,Universidad Peruana Cayetano Heredia,Derecho,San Martín,Especiales,2024,Masculino,Pobre,Migró
Beca Inclusión Técnico-Productiva,Universidad Peruana de Ciencias Aplicadas S.A.C.,Derecho,San Martín,Especiales,2024,Femenino,Pobre Extremo,No Migró
Beca Generación del Bicentenario,Universidad Peruana de Ciencias Aplicadas S.A.C.,Arquitectura,Alemania,Posgrado Maestria,2024,Masculino,Pobre Extremo,Migró
Beca 18,Universidad del Pacífico,Medicina Humana,San Martín,Pregrado,2024,Masculino,Pobre Extremo,No Migró
Beca Generación del Bicentenario,Universidad Nacional de Ucayali,Ingeniería Industrial,Francia,Posgrado Maestria,2024,Masculino,Pobre,Migró
Beca Generación del Bicentenario,Universidad del Pacífico,Psicología,Australia,Posgrado Maestria,2024,Masculino,No pobre,Migró
Beca Vocación,Universidad Nacional del Callao,Contabilidad,España,Posgrado Maestria,2024,Femenino,No pobre,Migró
Beca 18,Universidad Nacional Daniel Alcides Carrión,Contabilidad,San Martín,Pregrado,2024,Femenino,Pobre,No Migró
Beca Inclusión Técnico-Productiva,Universidad Privada del Norte S.A.C.,Administración de Negocios Internacionales,San Martín,Especiales,2024,Masculino,Pobre Extremo,Migró
Beca Vocación,Universidad Nacional Jorge Basadre Grohmann,Ingeniería Civil,San Martín,Posgrado Maestria,2024,Masculino,No pobre,Migró
Beca 18,Universidad Científica del Sur S.A.C.,Ingeniería Electrónica,San Martín,Pregrado,2024,Masculino,Pobre,No Migró
Beca 18,Universidad San Ignacio de Loyola S.R.L.,Ingeniería Mecánica,San Martín,Pregrado,2024,Masculino,Pobre,No Migró
Beca Generación del Bicentenario,Universidad Nacional de Ingeniería,Ingeniería Mecánica,México,Posgrado Maestria,2024,Femenino,Pobre,Migró
Beca 18,Universidad Nacional del Callao,Arquitectura,San Martín,Pregrado,2024,Masculino,No pobre,Migró
Beca Inclusión Técnico-Productiva,Universidad San Ignacio de Loyola S.R.L.,Enfermería,Amazonas,Especiales,2024,Masculino,Pobre Extremo,No Migró
Beca Inclusión Técnico-Productiva,Universidad Nacional Jorge Basadre Grohmann,Nutrición,Amazonas,Especiales,2024,Masculino,Pobre,No Migró
Beca 18,Universidad Nacional Federico Villarreal,Ingeniería de Sistemas,Amazonas,Posgrado Doctorado,2024,Femenino,Pobre Extremo,No Migró
Beca 18,Universidad del Pacífico,Ingeniería Civil,Amazonas,Pregrado,2024,Femenino,Pobre Extremo,No Migró
Beca Vocación,Universidad Científica del Sur S.A.C.,Educación,Amazonas,Posgrado Doctorado,2024,Masculino,No pobre,Migró
Beca Inclusión Técnico-Productiva,Universidad Nacional del Altiplano,Ingeniería Electrónica,Amazonas,Especiales,2024,Femenino,Pobre Extremo,No Migró
Beca 18,Universidad Nacional San Agustín de Arequipa,Administración de Negocios Internacionales,Amazonas,Pregrado,2024,Femenino,Pobre,No Migró
Beca Generación del Bicentenario,Universidad Científica del Sur S.A.C.,Educación,Amazonas,Posgrado Maestria,2024,Masculino,Pobre,No Migró
Beca 18,Universidad Peruana de Ciencias Aplicadas S.A.C.,Ingeniería Industrial,Amazonas,Pregrado,2024,Femenino,Pobre Extremo,No Migró
Beca Generación del Bicentenario,Universidad Nacional del Altiplano,Derecho,Amazonas,Posgrado Maestria,2024,Masculino,Pobre,No Migró
Beca 18,Universidad Peruana de Ciencias Aplicadas S.A.C.,Educación,Amazonas,Pregrado,2024,Femenino,Pobre,No Migró
Beca Permanencia,Universidad Peruana de Ciencias Aplicadas S.A.C.,Administración de Negocios Internacionales,Amazonas,Posgrado Doctorado,2024,Femenino,Pobre,No Migró
Beca Inclusión Técnico-Productiva,Universidad Peruana Cayetano Heredia,Enfermería,Amazonas,Especiales,2024,Masculino,Pobre,No Migró
Beca Inclusión Técnico-Productiva,Universidad Peruana Cayetano Heredia,Enfermería,Amazonas,Especiales,2024,Masculino,Pobre,No Migró
Beca 18,Universidad Nacional Agraria La Molina,Ingeniería Electrónica,Amazonas,Pregrado,2024,Masculino,Pobre Extremo,No Migró
Beca Inclusión Técnico-Productiva,Universidad Privada del Norte S.A.C.,Arquitectura,Amazonas,Especiales,2024,Masculino,Pobre Extremo,Migró
Beca Generación del Bicentenario,Universidad Nacional de Ingeniería,Educación,Amazonas,Posgrado Maestria,2024,Masculino,Pobre Extremo,No Migró
Beca 18,Universidad Nacional Jorge Basadre Grohmann,Turismo y Hotelería,Amazonas,Pregrado,2024,Femenino,Pobre,Migró
Beca Inclusión Técnico-Productiva,Universidad Nacional San Agustín de Arequipa,Marketing,Amazonas,Especiales,2024,Masculino,Pobre,No Migró
Beca 18,Universidad Nacional Daniel Alcides Carrión,Administración de Negocios Internacionales,Huánuco,Pregrado,2024,Femenino,Pobre,No Migró
Beca Generación del Bicentenario,Universidad Científica del Sur S.A.C.,Trabajo Social,Huánuco,Posgrado Maestria,2024,Femenino,Pobre,No Migró
Beca Generación del Bicentenario,Universidad Nacional San Agustín de Arequipa,Educación,Huánuco,Posgrado Maestria,2024,Femenino,Pobre Extremo,No Migró
Beca Generación del Bicentenario,Universidad San Ignacio de Loyola S.R.L.,Educación,Huánuco,Posgrado Maestria,2024,Masculino,Pobre Extremo,No Migró
Beca Vocación,Universidad Nacional de Trujillo,Economía,Colombia,Posgrado Doctorado,2024,Femenino,Pobre,Migró
Beca Inclusión Técnico-Productiva,Universidad Privada del Norte S.A.C.,Enfermería,Huánuco,Especiales,2024,Femenino,Pobre,No Migró
Beca Inclusión Técnico-Productiva,Universidad Nacional Mayor de San Marcos,Nutrición,Huánuco,Especiales,2024,Masculino,Pobre,Migró
Beca 18,Universidad San Ignacio de Loyola S.R.L.,Administración de Negocios Internacionales,Huánuco,Pregrado,2024,Masculino,Pobre,No Migró
Beca 18,Universidad Peruana de Ciencias Aplicadas S.A.C.,Derecho,Huánuco,Pregrado,2024,Masculino,Pobre,No Migró
Beca Permanencia,Universidad Nacional de Trujillo,Ingeniería de Sistemas,Huánuco,Posgrado Doctorado,2024,Masculino,Pobre Extremo,No Migró
Beca Generación del Bicentenario,Universidad Nacional Mayor de San Marcos,Ingeniería Electrónica,Colombia,Posgrado Maestria,2024,Masculino,Pobre Extremo,Migró
Beca 18,Universidad Nacional Mayor de San Marcos,Comunicaciones,Huánuco,Pregrado,2024,Masculino,Pobre,No Migró
Beca 18,Universidad Privada del Norte S.A.C.,Ingeniería Civil,Huánuco,Pregrado,2024,Masculino,Pobre,No Migró
Beca 18,Universidad Nacional San Agustín de Arequipa,Psicología,Huánuco,Pregrado,2024,Femenino,Pobre,No Migró
Beca Inclusión Técnico-Productiva,Universidad Nacional San Agustín de Arequipa,Psicología,Huánuco,Especiales,2024,Masculino,No pobre,Migró
Beca Inclusión Técnico-Productiva,Universidad Nacional Agraria La Molina,Enfermería,Huánuco,Especiales,2024,Masculino,Pobre Extremo,No Migró
Beca Generación del Bicentenario,Universidad Privada del Norte S.A.C.,Arquitectura,Huánuco,Posgrado Maestria,2024,Masculino,Pobre,Migró
Beca Inclusión Técnico-Productiva,Universidad Nacional de Piura,Psicología,Huánuco,Especiales,2024,Masculino,No pobre,No Migró
Beca 18,Universidad San Ignacio de Loyola S.R.L.,Enfermería,Ancash,Pregrado,2024,Femenino,Pobre,No Migró
Beca 18,Universidad Peruana de Ciencias Aplicadas S.A.C.,Medicina Humana,Ancash,Especiales,2024,Femenino,Pobre Extremo,No Migró
Beca Inclusión Técnico-Productiva,Universidad Nacional Agraria La Molina,Administración de Empresas,Ancash,Especiales,2024,Femenino,Pobre,No Migró
Beca Permanencia,Universidad Nacional Federico Villarreal,Administración de Empresas,Ancash,Pregrado,2024,Masculino,No pobre,No Migró
Beca 18,Universidad Nacional de la Amazonía Peruana,Ingeniería Mecánica,Ancash,Especiales,2024,Femenino,No pobre,Migró
Beca Generación del Bicentenario,Universidad Nacional de la Amazonía Peruana,Educación,México,Posgrado Maestria,2024,Masculino,Pobre Extremo,Migró
Beca Generación del Bicentenario,Universidad Nacional Federico Villarreal,Ingeniería Mecánica,Ancash,Posgrado Maestria,2024,Masculino,Pobre Extremo,No Migró
Beca Inclusión Técnico-Productiva,Universidad Científica del Sur S.A.C.,Trabajo Social,Ancash,Especiales,2024,Femenino,Pobre Extremo,Migró
Beca 18,Universidad Nacional del Altiplano,Turismo y Hotelería,Ancash,Pregrado,2024,Femenino,Pobre,Migró
Beca Inclusión Técnico-Productiva,Universidad Nacional del Altiplano,Contabilidad,Ancash,Especiales,2024,Femenino,Pobre Extremo,No Migró
Beca Permanencia,Universidad Peruana de Ciencias Aplicadas S.A.C.,Ingeniería Industrial,Ancash,Pregrado,2024,Femenino,Pobre Extremo,No Migró
Beca Generación del Bicentenario,Universidad del Pacífico,Ingeniería Civil,Australia,Posgrado Maestria,2024,Femenino,Pobre Extremo,Migró
Beca 18,Universidad Nacional de Piura,Contabilidad,Ancash,Posgrado Doctorado,2024,Masculino,Pobre Extremo,No Migró
Beca 18,Universidad Peruana Cayetano Heredia,Ingeniería Mecánica,Ancash,Pregrado,2024,Masculino,Pobre Extremo,No Migró
Beca Inclusión Técnico-Productiva,Universidad del Pacífico,Turismo y Hotelería,Ancash,Especiales,2024,Femenino,Pobre,No Migró
Beca 18,Universidad Nacional Mayor de San Marcos,Enfermería,Ancash,Pregrado,2024,Femenino,Pobre Extremo,No Migró
Beca 18,Universidad Privada del Norte S.A.C.,Economía,Ancash,Pregrado,2024,Masculino,Pobre Extremo,Migró
Beca 18,Universidad Nacional Daniel Alcides Carrión,Educación,Apurímac,Pregrado,2024,Femenino,Pobre Extremo,Migró
Beca Vocación,Universidad Peruana Cayetano Heredia,Contabilidad,Apurímac,Posgrado Maestria,2024,Femenino,Pobre Extremo,No Migró
Beca Vocación,Universidad del Pacífico,Marketing,Apurímac,Posgrado Maestria,2024,Masculino,Pobre Extremo,No Migró
Beca Inclusión Técnico-Productiva,Universidad Nacional Mayor de San Marcos,Psicología,Apurímac,Especiales,2024,Masculino,Pobre Extremo,No Migró
Beca 18,Universidad del Pacífico,Enfermería,Apurímac,Pregrado,2024,Masculino,No pobre,Migró
Beca 18,Universidad Nacional San Antonio Abad del Cusco,Turismo y Hotelería,Apurímac,Pregrado,2024,Femenino,Pobre Extremo,No Migró
Beca Generación del Bicentenario,Universidad Nacional del Callao,Arquitectura,Apurímac,Posgrado Maestria,2024,Masculino,No pobre,Migró
Beca Permanencia,Universidad Nacional Jorge Basadre Grohmann,Trabajo Social,Apurímac,Posgrado Maestria,2024,Masculino,No pobre,No Migró
Beca Inclusión Técnico-Productiva,Universidad del Pacífico,Ingeniería Industrial,Apurímac,Especiales,2024,Femenino,Pobre Extremo,No Migró
Beca Generación del Bicentenario,Universidad Privada del Norte S.A.C.,Turismo y Hotelería,Apurímac,Posgrado Maestria,2024,Masculino,Pobre Extremo,No Migró
Beca 18,Universidad Científica del Sur S.A.C.,Nutrición,Apurímac,Posgrado Doctorado,2024,Femenino,Pobre Extremo,Migró
Beca Inclusión Técnico-Productiva,Universidad Nacional San Agustín de Arequipa,Ingeniería Civil,Apurímac,Especiales,2024,Femenino,Pobre,No Migró
Beca 18,Universidad Nacional San Antonio Abad del Cusco,Turismo y Hotelería,Apurímac,Pregrado,2024,Femenino,Pobre,Migró
Beca Generación del Bicentenario,Universidad Nacional Daniel Alcides Carrión,Marketing,Apurímac,Posgrado Maestria,2024,Femenino,Pobre,No Migró
Beca Permanencia,Universidad Nacional Daniel Alcides Carrión,Contabilidad,España,Posgrado Maestria,2024,Femenino,Pobre Extremo,Migró
Beca Inclusión Técnico-Productiva,Universidad Peruana de Ciencias Aplicadas S.A.C.,Ingeniería Mecánica,Ayacucho,Especiales,2024,Masculino,Pobre Extremo,No Migró
Beca Generación del Bicentenario,Universidad Nacional Mayor de San Marcos,Administración de Negocios Internacionales,Francia,Posgrado Maestria,2024,Masculino,Pobre Extremo,Migró
Beca Generación del Bicentenario,Universidad Nacional del Altiplano,Ingeniería Civil,Ayacucho,Posgrado Maestria,2024,Masculino,Pobre,No Migró
Beca Generación del Bicentenario,Universidad Nacional Hermilio Valdizán,Administración de Negocios Internacionales,Ayacucho,Posgrado Maestria,2024,Femenino,No pobre,Migró
Beca Generación del Bicentenario,Universidad San Ignacio de Loyola S.R.L.,Medicina Humana,Chile,Posgrado Maestria,2024,Femenino,Pobre,Migró
Beca Inclusión Técnico-Productiva,Universidad San Ignacio de Loyola S.R.L.,Administración de Negocios Internacionales,Ayacucho,Especiales,2024,Femenino,Pobre,No Migró
Beca Inclusión Técnico-Productiva,Universidad Nacional Hermilio Valdizán,Economía,Ayacucho,Especiales,2024,Femenino,Pobre,Migró
Beca 18,Universidad Nacional San Cristóbal de Huamanga,Enfermería,Ayacucho,Pregrado,2024,Masculino,Pobre,Migró
Beca 18,Universidad Nacional de Cajamarca,Administración de Empresas,Ayacucho,Pregrado,2024,Masculino,Pobre,Migró
Beca Vocación,Universidad San Ignacio de Loyola S.R.L.,Ingeniería Mecánica,Ayacucho,Pregrado,2024,Masculino,Pobre Extremo,No Migró
Beca Inclusión Técnico-Productiva,Universidad San Ignacio de Loyola S.R.L.,Derecho,Ayacucho,Especiales,2024,Masculino,No pobre,No Migró
Beca Permanencia,Universidad Nacional Jorge Basadre Grohmann,Ingeniería Civil,Ayacucho,Posgrado Maestria,2024,Femenino,Pobre Extremo,No Migró
Beca Generación del Bicentenario,Universidad Nacional de Ucayali,Derecho,Ayacucho,Posgrado Maestria,2024,Femenino,Pobre,Migró
Beca Inclusión Técnico-Productiva,Universidad Peruana de Ciencias Aplicadas S.A.C.,Administración de Empresas,Loreto,Especiales,2024,Femenino,Pobre,No Migró
Beca 18,Universidad Nacional San Agustín de Arequipa,Enfermería,Loreto,Pregrado,2024,Masculino,Pobre Extremo,No Migró
Beca 18,Universidad Privada del Norte S.A.C.,Derecho,Loreto,Posgrado Doctorado,2024,Femenino,Pobre,No Migró
Beca Inclusión Técnico-Productiva,Universidad Nacional Agraria La Molina,Ingeniería Civil,Loreto,Especiales,2024,Femenino,Pobre,Migró
Beca 18,Universidad Privada del Norte S.A.C.,Ingeniería Civil,Loreto,Pregrado,2024,Masculino,Pobre,No Migró
Beca Generación del Bicentenario,Universidad Nacional de Ingeniería,Marketing,Loreto,Posgrado Maestria,2024,Masculino,Pobre Extremo,No Migró
Beca 18,Universidad Científica del Sur S.A.C.,Trabajo Social,Loreto,Pregrado,2024,Femenino,Pobre,No Migró
Beca Vocación,Universidad Nacional Jorge Basadre Grohmann,Arquitectura,Loreto,Posgrado Maestria,2024,Masculino,Pobre,Migró
Beca Inclusión Técnico-Productiva,Universidad Nacional Mayor de San Marcos,Ingeniería Industrial,Loreto,Especiales,2024,Femenino,No pobre,No Migró
Beca 18,Universidad Nacional Agraria La Molina,Trabajo Social,Loreto,Especiales,2024,Femenino,Pobre,No Migró
Beca 18,Universidad Nacional San Cristóbal de Huamanga,Ingeniería de Sistemas,Loreto,Posgrado Maestria,2024,Femenino,No pobre,No Migró
Beca Vocación,Universidad Nacional Hermilio Valdizán,Marketing,Ucayali,Posgrado Maestria,2024,Femenino,Pobre,No Migró
Beca Inclusión Técnico-Productiva,Universidad Científica del Sur S.A.C.,Comunicaciones,Ucayali,Especiales,2024,Femenino,Pobre,Migró
Beca Inclusión Técnico-Productiva,Universidad Nacional Mayor de San Marcos,Arquitectura,Ucayali,Especiales,2024,Femenino,Pobre Extremo,No Migró
Beca Generación del Bicentenario,Universidad Nacional de Trujillo,Medicina Humana,Australia,Posgrado Maestria,2024,Femenino,Pobre,Migró
Beca Permanencia,Universidad Nacional de Trujillo,Administración de Empresas,Ucayali,Especiales,2024,Masculino,Pobre,Migró
Beca Inclusión Técnico-Productiva,Universidad Nacional de Ucayali,Enfermería,Ucayali,Especiales,2024,Masculino,Pobre Extremo,No Migró
Beca 18,Universidad Nacional Mayor de San Marcos,Ingeniería Industrial,Ucayali,Pregrado,2024,Femenino,Pobre Extremo,No Migró
Beca Inclusión Técnico-Productiva,Universidad Nacional Daniel Alcides Carrión,Ingeniería Industrial,Ucayali,Especiales,2024,Femenino,Pobre Extremo,No Migró
Beca Inclusión Técnico-Productiva,Universidad Nacional Federico Villarreal,Administración de Negocios Internacionales,Ucayali,Especiales,2024,Femenino,Pobre,Migró
Beca 18,Universidad Nacional San Antonio Abad del Cusco,Nutrición,Ucayali,Pregrado,2024,Masculino,Pobre,Migró
Beca Generación del Bicentenario,Universidad Nacional de Ingeniería,Nutrición,Ucayali,Posgrado Maestria,2024,Femenino,Pobre Extremo,Migró
Beca Permanencia,Universidad Nacional Daniel Alcides Carrión,Ingeniería Electrónica,Francia,Posgrado Maestria,2024,Femenino,Pobre Extremo,Migró
Beca 18,Universidad Peruana Cayetano Heredia,Ingeniería Electrónica,Huancavelica,Pregrado,2024,Masculino,No pobre,Migró
Beca Inclusión Técnico-Productiva,Pontificia Universidad Católica del Perú,Educación,Huancavelica,Especiales,2024,Femenino,No pobre,No Migró
Beca Generación del Bicentenario,Universidad Nacional de Ucayali,Turismo y Hotelería,Huancavelica,Posgrado Maestria,2024,Masculino,Pobre,Migró
Beca Inclusión Técnico-Productiva,Universidad Nacional de Ingeniería,Ingeniería Electrónica,Huancavelica,Especiales,2024,Masculino,Pobre,Migró
Beca Generación del Bicentenario,Universidad San Ignacio de Loyola S.R.L.,Ingeniería de Sistemas,Huancavelica,Posgrado Maestria,2024,Masculino,No pobre,Migró
Beca 18,Universidad Científica del Sur S.A.C.,Administración de Empresas,Huancavelica,Pregrado,2024,Masculino,Pobre,No Migró
Beca 18,Universidad Científica del Sur S.A.C.,Economía,Huancavelica,Posgrado Doctorado,2024,Femenino,Pobre,No Migró
Beca Permanencia,Universidad Privada del Norte S.A.C.,Comunicaciones,Huancavelica,Pregrado,2024,Masculino,Pobre Extremo,No Migró
Beca Permanencia,Universidad Privada del Norte S.A.C.,Educación,Huancavelica,Posgrado Maestria,2024,Masculino,Pobre Extremo,No Migró
Beca 18,Universidad Nacional de Cajamarca,Marketing,Pasco,Pregrado,2024,Femenino,Pobre,No Migró
Beca Generación del Bicentenario,Universidad Nacional Hermilio Valdizán,Marketing,Pasco,Posgrado Maestria,2024,Femenino,Pobre Extremo,No Migró
Beca Inclusión Técnico-Productiva,Universidad Nacional del Callao,Enfermería,Pasco,Especiales,2024,Masculino,Pobre,Migró
Beca 18,Universidad San Ignacio de Loyola S.R.L.,Nutrición,Pasco,Especiales,2024,Masculino,Pobre,No Migró
Beca 18,Universidad Peruana Cayetano Heredia,Contabilidad,Pasco,Pregrado,2024,Masculino,Pobre Extremo,Migró
Beca Generación del Bicentenario,Universidad Nacional de Ucayali,Administración de Empresas,Pasco,Posgrado Maestria,2024,Masculino,Pobre Extremo,Migró
Beca 18,Universidad Nacional Jorge Basadre Grohmann,Ingeniería Mecánica,Pasco,Pregrado,2024,Femenino,Pobre,No Migró
Beca 18,Universidad Peruana de Ciencias Aplicadas S.A.C.,Contabilidad,Pasco,Pregrado,2024,Femenino,Pobre Extremo,No Migró
Beca 18,Pontificia Universidad Católica del Perú,Contabilidad,Pasco,Pregrado,2024,Masculino,Pobre Extremo,No Migró
Beca Generación del Bicentenario,Universidad Nacional de Ingeniería,Administración de Negocios Internacionales,Reino Unido,Posgrado Maestria,2024,Masculino,Pobre Extremo,Migró
Beca 18,Universidad Nacional Mayor de San Marcos,Marketing,Tumbes,Pregrado,2024,Masculino,Pobre,No Migró
Beca Permanencia,Pontificia Universidad Católica del Perú,Comunicaciones,Tumbes,Pregrado,2024,Masculino,Pobre Extremo,Migró
Beca Inclusión Técnico-Productiva,Universidad Nacional Jorge Basadre Grohmann,Derecho,Tumbes,Especiales,2024,Femenino,Pobre,Migró
Beca Inclusión Técnico-Productiva,Universidad del Pacífico,Ingeniería Mecánica,Tumbes,Especiales,2024,Masculino,No pobre,No Migró
Beca Permanencia,Universidad Nacional San Antonio Abad del Cusco,Ingeniería de Sistemas,Tumbes,Especiales,2024,Masculino,Pobre,Migró
Beca Generación del Bicentenario,Universidad Científica del Sur S.A.C.,Enfermería,Tumbes,Posgrado Maestria,2024,Femenino,No pobre,No Migró
Beca Permanencia,Universidad Nacional de Cajamarca,Trabajo Social,Tumbes,Posgrado Maestria,2024,Masculino,Pobre,No Migró
Beca Vocación,Universidad Privada del Norte S.A.C.,Educación,Tumbes,Posgrado Maestria,2024,Masculino,Pobre Extremo,Migró
Beca 18,Universidad Nacional San Antonio Abad del Cusco,Ingeniería Electrónica,Tumbes,Pregrado,2024,Femenino,Pobre Extremo,No Migró
Beca Permanencia,Universidad Peruana de Ciencias Aplicadas S.A.C.,Comunicaciones,Francia,Posgrado Maestria,2024,Femenino,No pobre,Migró
Beca 18,Universidad Científica del Sur S.A.C.,Economía,Tacna,Pregrado,2024,Femenino,No pobre,Migró
Beca Inclusión Técnico-Productiva,Universidad Nacional del Callao,Contabilidad,Tacna,Especiales,2024,Femenino,Pobre Extremo,No Migró
Beca Inclusión Técnico-Productiva,Universidad Nacional Daniel Alcides Carrión,Economía,Tacna,Especiales,2024,Masculino,Pobre,Migró
Beca Vocación,Universidad Nacional del Callao,Economía,Tacna,Pregrado,2024,Masculino,Pobre,Migró
Beca Permanencia,Universidad Nacional Federico Villarreal,Psicología,Tacna,Pregrado,2024,Femenino,Pobre Extremo,Migró
Beca Inclusión Técnico-Productiva,Universidad Nacional de Ucayali,Contabilidad,Tacna,Especiales,2024,Femenino,Pobre Extremo,Migró
Beca Inclusión Técnico-Productiva,Universidad Nacional de Cajamarca,Economía,Tacna,Especiales,2024,Masculino,Pobre,No Migró
Beca 18,Universidad San Ignacio de Loyola S.R.L.,Ingeniería de Sistemas,Madre de Dios,Pregrado,2024,Masculino,Pobre,Migró
Beca Vocación,Universidad Nacional Federico Villarreal,Trabajo Social,Madre de Dios,Posgrado Maestria,2024,Masculino,No pobre,No Migró
Beca 18,Universidad del Pacífico,Turismo y Hotelería,Madre de Dios,Posgrado Maestria,2024,Masculino,No pobre,Migró
Beca Inclusión Técnico-Productiva,Universidad Peruana de Ciencias Aplicadas S.A.C.,Nutrición,Madre de Dios,Especiales,2024,Femenino,Pobre,Migró
Beca 18,Universidad Privada del Norte S.A.C.,Ingeniería Electrónica,Madre de Dios,Pregrado,2024,Femenino,Pobre,No Migró
Beca 18,Universidad Nacional del Callao,Administración de Negocios Internacionales,Madre de Dios,Pregrado,2024,Masculino,Pobre Extremo,No Migró
Beca Inclusión Técnico-Productiva,Universidad Peruana de Ciencias Aplicadas S.A.C.,Ingeniería Electrónica,Moquegua,Especiales,2024,Masculino,Pobre Extremo,No Migró
Beca Inclusión Técnico-Productiva,Universidad Nacional Federico Villarreal,Psicología,Moquegua,Especiales,2024,Masculino,Pobre Extremo,Migró
Beca 18,Universidad Nacional del Callao,Ingeniería Mecánica,Moquegua,Posgrado Maestria,2024,Femenino,Pobre Extremo,No Migró
Beca Generación del Bicentenario,Universidad del Pacífico,Trabajo Social,Moquegua,Posgrado Maestria,2024,Masculino,Pobre Extremo,No Migró
Beca 18,Universidad Nacional del Altiplano,Enfermería,Colombia,Posgrado Maestria,2024,Femenino,Pobre,Migró
Beca Inclusión Técnico-Productiva,Universidad Científica del Sur S.A.C.,Ingeniería Electrónica,Moquegua,Especiales,2024,Femenino,Pobre,No Migró
Beca Generación del Bicentenario,Universidad Nacional de Cajamarca,Administración de Empresas,Total General,Posgrado Maestria,2024,Femenino,Pobre Extremo,Migró
Beca 18,Universidad Científica del Sur S.A.C.,Ingeniería de Sistemas,Total General,Pregrado,2024,Masculino,Pobre,Migró
Beca Generación del Bicentenario,Universidad Nacional Federico Villarreal,Turismo y Hotelería,Total General,Posgrado Maestria,2024,Femenino,Pobre,Migró
